catalog_index,paper_id,title,doi,year,research_topic,problem,dataset,features,model,explainability_method,strengths,weaknesses,limitations,future_opportunities,relevance_to_stgt_paper
1,10.1109_southeastcon63549.2026.11476233,Hybrid Deep Learning and Statistical Forecasting for Short Term Electric Load,10.1109/southeastcon63549.2026.11476233,2026,Electrical Load Forecasting,Short-/medium-term energy or load forecasting (electrical load forecasting),Not explicitly stated in available metadata,Historical load and calendar covariates (inferred from title),deep learning,None reported in available metadata,Core load-forecasting competency underpins primary STGT regression heads. | Hybrid/ensemble designs offer ablation baselines for STGT comparisons.,"Conference format often limits dataset breadth, ablation depth, and reproducibility detail. | No citation record yet; external validation of impact is unproven. | Reproducibility assessment limited because dataset, splits, and baselines are not documented in metadata. | Predominantly single-series or single-site forecasting; limited multi-node coupling. | Absence of explicit graph structure limits direct architectural transfer to STGT. | No explainability mechanism—insufficient for explainable STGT research claims.",Findings may not be fully validated across diverse grid contexts beyond the presented case. | Analysis constrained by missing/short abstract in catalog metadata. | Rarely models load-shedding jointly with demand; task isolation limits multi-task insight. | No Bangladesh or South-Asia grid case study—external validity to project dataset is unproven.,Extend univariate forecast pipelines to graph-coupled multi-task targets. | Replicate or benchmark on Bangladesh daily smart-grid data (project raw/interim sets).,Low — peripheral: forecasting/analytics without explicit graph or shedding focus
2,10.1007_s13369-025-10710-z,Short-Term Residential Load Forecasting Using Textual Embeddings-Based Multi-encoder Transformer,10.1007/s13369-025-10710-z,2026,Electrical Load Forecasting,Short-/medium-term energy or load forecasting (electrical load forecasting),Residential load/AMI data (region not fully specified in metadata),textual embeddings,transformer; multi-encoder transformer,None reported in available metadata,Journal venue provides peer-reviewed validation beyond conference abstracts. | Core load-forecasting competency underpins primary STGT regression heads.,"No citation record yet; external validation of impact is unproven. | Reproducibility assessment limited because dataset, splits, and baselines are not documented in metadata. | Predominantly single-series or single-site forecasting; limited multi-node coupling. | Absence of explicit graph structure limits direct architectural transfer to STGT. | No explainability mechanism—insufficient for explainable STGT research claims.",Analysis constrained by missing/short abstract in catalog metadata. | Rarely models load-shedding jointly with demand; task isolation limits multi-task insight. | No Bangladesh or South-Asia grid case study—external validity to project dataset is unproven.,Extend univariate forecast pipelines to graph-coupled multi-task targets. | Replicate or benchmark on Bangladesh daily smart-grid data (project raw/interim sets).,Low — peripheral: forecasting/analytics without explicit graph or shedding focus
3,10.36227_techrxiv.176834460.00474942_v1,Industrial Power Load Forecasting for Grid Operation Using a CNN-Transformer-BiLSTM Model,10.36227/techrxiv.176834460.00474942/v1,2026,Electrical Load Forecasting,Short-/medium-term energy or load forecasting (electrical load forecasting),US EIA industrial electricity statistics,Historical load and calendar covariates (inferred from title),transformer; bilstm; lstm; cnn; deep learning; neural network,None reported in available metadata,Journal venue provides peer-reviewed validation beyond conference abstracts. | Sufficient abstract detail enables method-level critique beyond title inference. | Core load-forecasting competency underpins primary STGT regression heads.,No citation record yet; external validation of impact is unproven. | Predominantly single-series or single-site forecasting; limited multi-node coupling. | Absence of explicit graph structure limits direct architectural transfer to STGT. | No explainability mechanism—insufficient for explainable STGT research claims.,Rarely models load-shedding jointly with demand; task isolation limits multi-task insight. | No Bangladesh or South-Asia grid case study—external validity to project dataset is unproven.,Extend univariate forecast pipelines to graph-coupled multi-task targets. | Replicate or benchmark on Bangladesh daily smart-grid data (project raw/interim sets).,Low — peripheral: forecasting/analytics without explicit graph or shedding focus
4,10.2139_ssrn.6025586,"Optimizing AMI Data Acquisition for Residential Load Forecasting: Minimum Requirements for Interval, Precision, and Historical Duration",10.2139/ssrn.6025586,2026,Electrical Load Forecasting,Short-/medium-term energy or load forecasting (electrical load forecasting),Residential load/AMI data (region not fully specified in metadata),AMI interval load measurements,electrical load forecasting,None reported in available metadata,Journal venue provides peer-reviewed validation beyond conference abstracts. | Core load-forecasting competency underpins primary STGT regression heads.,"No citation record yet; external validation of impact is unproven. | Reproducibility assessment limited because dataset, splits, and baselines are not documented in metadata. | Predominantly single-series or single-site forecasting; limited multi-node coupling. | Absence of explicit graph structure limits direct architectural transfer to STGT. | No explainability mechanism—insufficient for explainable STGT research claims.",Analysis constrained by missing/short abstract in catalog metadata. | Rarely models load-shedding jointly with demand; task isolation limits multi-task insight. | No Bangladesh or South-Asia grid case study—external validity to project dataset is unproven.,Extend univariate forecast pipelines to graph-coupled multi-task targets. | Replicate or benchmark on Bangladesh daily smart-grid data (project raw/interim sets).,Low — peripheral: forecasting/analytics without explicit graph or shedding focus
5,10.2139_ssrn.6170506,"Optimizing AMI Data Acquisition for Residential Load Forecasting Minimum Requirements for Interval, Precision, and Historical Duration",10.2139/ssrn.6170506,2026,Smart Grid Analytics,Short-/medium-term energy or load forecasting (smart grid analytics),Residential load/AMI data (region not fully specified in metadata),AMI interval load measurements; demand-response participation signals; cluster-based load profiles,transformer; timegpt; machine learning; neural network,None reported in available metadata,"Journal venue provides peer-reviewed validation beyond conference abstracts. | Sufficient abstract detail enables method-level critique beyond title inference. | Covers demand response, cyber analytics, or AMI practices relevant to smart-grid deployment.",No citation record yet; external validation of impact is unproven. | Broad analytics scope; forecasting/shedding may be secondary to control or security objectives. | Absence of explicit graph structure limits direct architectural transfer to STGT. | No explainability mechanism—insufficient for explainable STGT research claims.,No Bangladesh or South-Asia grid case study—external validity to project dataset is unproven.,"Extract transferable covariates (AMI cadence, DR participation) for feature engineering. | Replicate or benchmark on Bangladesh daily smart-grid data (project raw/interim sets).",Low — peripheral: forecasting/analytics without explicit graph or shedding focus
6,10.1109_tsg.2026.3694866,Microgrid Under-Frequency Load Shedding Strategy Integrating LMC-Shapley Value and Knowledge Distillation,10.1109/tsg.2026.3694866,2026,SHAP,Operational control/assessment of load shedding under frequency or stability constraints,Islanded/microgrid operational scenarios,frequency / stability signals,knowledge distillation,SHAP / Shapley-value explainability,"Published in a high-impact, field-relevant journal with rigorous peer review. | Directly supports explainable STGT claims required by the project manuscript. | Game-theoretic attribution suitable for tree and neural models post-hoc.","No citation record yet; external validation of impact is unproven. | Reproducibility assessment limited because dataset, splits, and baselines are not documented in metadata. | SHAP for graph-temporal models is computationally expensive and may misattribute correlated regional features.",Analysis constrained by missing/short abstract in catalog metadata. | No Bangladesh or South-Asia grid case study—external validity to project dataset is unproven.,Apply SHAP to node-level and global graph features separately for operator-facing explanations. | Replicate or benchmark on Bangladesh daily smart-grid data (project raw/interim sets).,High — load-shedding focus matches project target; explainability track aligns with manuscript goal
7,10.1109_tsg.2026.3662195,Novel Decentralized Load Shedding Algorithm for Preserving Voltage Stability in Smart Grids,10.1109/tsg.2026.3662195,2026,Load Shedding Prediction,Operational control/assessment of load shedding under frequency or stability constraints,Not explicitly stated in available metadata,Historical load and calendar covariates (inferred from title),load shedding prediction,None reported in available metadata,"Published in a high-impact, field-relevant journal with rigorous peer review. | Directly targets load-shedding decision/control—high operational relevance.","No citation record yet; external validation of impact is unproven. | Reproducibility assessment limited because dataset, splits, and baselines are not documented in metadata. | Many works optimise shedding actions rather than forecast shedding intensity—different learning objective from STGT regression/classification. | Absence of explicit graph structure limits direct architectural transfer to STGT. | No explainability mechanism—insufficient for explainable STGT research claims.",Analysis constrained by missing/short abstract in catalog metadata. | Sparse shedding labels (confirmed in project Phase 02) are rarely addressed in control-oriented papers. | No Bangladesh or South-Asia grid case study—external validity to project dataset is unproven.,Bridge shedding prediction with zero-inflated or event-aware forecasting rather than pure optimisation. | Replicate or benchmark on Bangladesh daily smart-grid data (project raw/interim sets).,Medium — load-shedding focus matches project target
8,10.1109_tsg.2026.3660327,Machine Learning-Based Long-Term Forecasting of Load Composition Considering Exogenous Variables,10.1109/tsg.2026.3660327,2026,Smart Grid Analytics,Short-/medium-term energy or load forecasting (smart grid analytics),Not explicitly stated in available metadata,exogenous variables,machine learning,None reported in available metadata,"Published in a high-impact, field-relevant journal with rigorous peer review. | Covers demand response, cyber analytics, or AMI practices relevant to smart-grid deployment.","No citation record yet; external validation of impact is unproven. | Reproducibility assessment limited because dataset, splits, and baselines are not documented in metadata. | Broad analytics scope; forecasting/shedding may be secondary to control or security objectives. | Absence of explicit graph structure limits direct architectural transfer to STGT. | No explainability mechanism—insufficient for explainable STGT research claims.",Analysis constrained by missing/short abstract in catalog metadata. | No Bangladesh or South-Asia grid case study—external validity to project dataset is unproven.,"Extract transferable covariates (AMI cadence, DR participation) for feature engineering. | Replicate or benchmark on Bangladesh daily smart-grid data (project raw/interim sets).",Low — peripheral: forecasting/analytics without explicit graph or shedding focus
9,10.1109_tsg.2026.3668905,Bayesian-Optimized Deep Learning for Adaptive Real-Time FDIA Detection in Smart Grid Demand Response Systems,10.1109/tsg.2026.3668905,2026,Smart Grid Analytics,"Smart-grid operational analytics (demand response, security, or cyber resilience)",Not explicitly stated in available metadata,demand-response participation signals,bayesian-optimized; deep learning,None reported in available metadata,"Published in a high-impact, field-relevant journal with rigorous peer review. | Covers demand response, cyber analytics, or AMI practices relevant to smart-grid deployment.","No citation record yet; external validation of impact is unproven. | Reproducibility assessment limited because dataset, splits, and baselines are not documented in metadata. | Broad analytics scope; forecasting/shedding may be secondary to control or security objectives. | Absence of explicit graph structure limits direct architectural transfer to STGT. | No explainability mechanism—insufficient for explainable STGT research claims.",Analysis constrained by missing/short abstract in catalog metadata. | No Bangladesh or South-Asia grid case study—external validity to project dataset is unproven.,"Extract transferable covariates (AMI cadence, DR participation) for feature engineering. | Replicate or benchmark on Bangladesh daily smart-grid data (project raw/interim sets).",Low — peripheral: forecasting/analytics without explicit graph or shedding focus
10,10.1016_j.epsr.2025.111834,Forecasting load consumption: a comprehensive evaluation of deep learning and machine learning techniques,10.1016/j.epsr.2025.111834,2025,Electrical Load Forecasting,Short-/medium-term energy or load forecasting (electrical load forecasting),Not explicitly stated in available metadata,Historical load and calendar covariates (inferred from title),machine learning; deep learning,None reported in available metadata,Journal venue provides peer-reviewed validation beyond conference abstracts. | Core load-forecasting competency underpins primary STGT regression heads.,"Reproducibility assessment limited because dataset, splits, and baselines are not documented in metadata. | Predominantly single-series or single-site forecasting; limited multi-node coupling. | Absence of explicit graph structure limits direct architectural transfer to STGT. | No explainability mechanism—insufficient for explainable STGT research claims.",Analysis constrained by missing/short abstract in catalog metadata. | Rarely models load-shedding jointly with demand; task isolation limits multi-task insight. | No Bangladesh or South-Asia grid case study—external validity to project dataset is unproven.,Extend univariate forecast pipelines to graph-coupled multi-task targets. | Replicate or benchmark on Bangladesh daily smart-grid data (project raw/interim sets).,Low — peripheral: forecasting/analytics without explicit graph or shedding focus
11,10.2139_ssrn.5929608,A Constrained-Optimization Ensemble of Deep Learning Models for Sector-Specific Electric Load Forecasting,10.2139/ssrn.5929608,2025,Electrical Load Forecasting,Short-/medium-term energy or load forecasting (electrical load forecasting),Not explicitly stated in available metadata,Historical load and calendar covariates (inferred from title),ensemble; deep learning; optimization,None reported in available metadata,Journal venue provides peer-reviewed validation beyond conference abstracts. | Core load-forecasting competency underpins primary STGT regression heads. | Hybrid/ensemble designs offer ablation baselines for STGT comparisons.,"No citation record yet; external validation of impact is unproven. | Reproducibility assessment limited because dataset, splits, and baselines are not documented in metadata. | Predominantly single-series or single-site forecasting; limited multi-node coupling. | Absence of explicit graph structure limits direct architectural transfer to STGT. | No explainability mechanism—insufficient for explainable STGT research claims.",Analysis constrained by missing/short abstract in catalog metadata. | Rarely models load-shedding jointly with demand; task isolation limits multi-task insight. | No Bangladesh or South-Asia grid case study—external validity to project dataset is unproven.,Extend univariate forecast pipelines to graph-coupled multi-task targets. | Replicate or benchmark on Bangladesh daily smart-grid data (project raw/interim sets).,Low — peripheral: forecasting/analytics without explicit graph or shedding focus
12,10.2139_ssrn.5266806,A Hybrid Deep Learning Framework for Multivariate Energy Forecasting and Peak Load Prediction in Electric Vehicle Charging Infrastructure,10.2139/ssrn.5266806,2025,Electrical Load Forecasting,Short-/medium-term energy or load forecasting (electrical load forecasting),Not explicitly stated in available metadata,Historical load and calendar covariates (inferred from title),deep learning,None reported in available metadata,Journal venue provides peer-reviewed validation beyond conference abstracts. | Core load-forecasting competency underpins primary STGT regression heads. | Hybrid/ensemble designs offer ablation baselines for STGT comparisons.,"No citation record yet; external validation of impact is unproven. | Reproducibility assessment limited because dataset, splits, and baselines are not documented in metadata. | Predominantly single-series or single-site forecasting; limited multi-node coupling. | Absence of explicit graph structure limits direct architectural transfer to STGT. | No explainability mechanism—insufficient for explainable STGT research claims.",Analysis constrained by missing/short abstract in catalog metadata. | Rarely models load-shedding jointly with demand; task isolation limits multi-task insight. | No Bangladesh or South-Asia grid case study—external validity to project dataset is unproven.,Extend univariate forecast pipelines to graph-coupled multi-task targets. | Replicate or benchmark on Bangladesh daily smart-grid data (project raw/interim sets).,Low — peripheral: forecasting/analytics without explicit graph or shedding focus
13,10.2139_ssrn.5218780,Forecasting Composition and Controllability of a Small-Scale Residential Load Using Deep Learning,10.2139/ssrn.5218780,2025,Electrical Load Forecasting,Short-/medium-term energy or load forecasting (electrical load forecasting),Residential load/AMI data (region not fully specified in metadata),Historical load and calendar covariates (inferred from title),deep learning,None reported in available metadata,Journal venue provides peer-reviewed validation beyond conference abstracts. | Core load-forecasting competency underpins primary STGT regression heads.,"No citation record yet; external validation of impact is unproven. | Reproducibility assessment limited because dataset, splits, and baselines are not documented in metadata. | Predominantly single-series or single-site forecasting; limited multi-node coupling. | Absence of explicit graph structure limits direct architectural transfer to STGT. | No explainability mechanism—insufficient for explainable STGT research claims.",Analysis constrained by missing/short abstract in catalog metadata. | Rarely models load-shedding jointly with demand; task isolation limits multi-task insight. | No Bangladesh or South-Asia grid case study—external validity to project dataset is unproven.,Extend univariate forecast pipelines to graph-coupled multi-task targets. | Replicate or benchmark on Bangladesh daily smart-grid data (project raw/interim sets).,Low — peripheral: forecasting/analytics without explicit graph or shedding focus
14,10.1109_tpec63981.2025.10906984,Equity-Aware Load Shedding Optimization in Interdependent Power and Gas Networks Against Rising Temperatures,10.1109/tpec63981.2025.10906984,2025,Load Shedding Prediction,Operational control/assessment of load shedding under frequency or stability constraints,Not explicitly stated in available metadata,Historical load and calendar covariates (inferred from title),optimization,None reported in available metadata,Journal venue provides peer-reviewed validation beyond conference abstracts. | Directly targets load-shedding decision/control—high operational relevance.,"Reproducibility assessment limited because dataset, splits, and baselines are not documented in metadata. | Many works optimise shedding actions rather than forecast shedding intensity—different learning objective from STGT regression/classification. | Absence of explicit graph structure limits direct architectural transfer to STGT. | No explainability mechanism—insufficient for explainable STGT research claims.",Analysis constrained by missing/short abstract in catalog metadata. | Sparse shedding labels (confirmed in project Phase 02) are rarely addressed in control-oriented papers. | No Bangladesh or South-Asia grid case study—external validity to project dataset is unproven.,Bridge shedding prediction with zero-inflated or event-aware forecasting rather than pure optimisation. | Replicate or benchmark on Bangladesh daily smart-grid data (project raw/interim sets).,Medium — load-shedding focus matches project target
15,10.1109_itis67966.2025.11308934,Adaptive Load Shedding for Tambora Sub-System using Particle Swarm Optimization,10.1109/itis67966.2025.11308934,2025,Load Shedding Prediction,Operational control/assessment of load shedding under frequency or stability constraints,Tambora sub-system (Indonesia),Historical load and calendar covariates (inferred from title),particle swarm; optimization,None reported in available metadata,Directly targets load-shedding decision/control—high operational relevance.,"Conference format often limits dataset breadth, ablation depth, and reproducibility detail. | No citation record yet; external validation of impact is unproven. | Reproducibility assessment limited because dataset, splits, and baselines are not documented in metadata. | Many works optimise shedding actions rather than forecast shedding intensity—different learning objective from STGT regression/classification. | Absence of explicit graph structure limits direct architectural transfer to STGT. | No explainability mechanism—insufficient for explainable STGT research claims.",Findings may not be fully validated across diverse grid contexts beyond the presented case. | Analysis constrained by missing/short abstract in catalog metadata. | Sparse shedding labels (confirmed in project Phase 02) are rarely addressed in control-oriented papers. | No Bangladesh or South-Asia grid case study—external validity to project dataset is unproven.,Bridge shedding prediction with zero-inflated or event-aware forecasting rather than pure optimisation. | Replicate or benchmark on Bangladesh daily smart-grid data (project raw/interim sets).,Medium — load-shedding focus matches project target
16,10.1109_powertech59965.2025.11180549,A Two-Stage Machine Learning Framework for Predicting Spatial Load Shedding in Cascading Power System Failures,10.1109/powertech59965.2025.11180549,2025,Load Shedding Prediction,Operational control/assessment of load shedding under frequency or stability constraints,Not explicitly stated in available metadata,Historical load and calendar covariates (inferred from title),machine learning,None reported in available metadata,Spatial cascading perspective matches multi-node stress propagation in Bangladesh grid.,"Conference format often limits dataset breadth, ablation depth, and reproducibility detail. | No citation record yet; external validation of impact is unproven. | Reproducibility assessment limited because dataset, splits, and baselines are not documented in metadata. | Absence of explicit graph structure limits direct architectural transfer to STGT. | No explainability mechanism—insufficient for explainable STGT research claims.",Findings may not be fully validated across diverse grid contexts beyond the presented case. | Analysis constrained by missing/short abstract in catalog metadata. | Sparse shedding labels (confirmed in project Phase 02) are rarely addressed in control-oriented papers. | No Bangladesh or South-Asia grid case study—external validity to project dataset is unproven.,Bridge shedding prediction with zero-inflated or event-aware forecasting rather than pure optimisation. | Replicate or benchmark on Bangladesh daily smart-grid data (project raw/interim sets).,Medium — load-shedding focus matches project target
17,10.2139_ssrn.5113684,Under-Frequency Load Shedding in System with Grid-Forming Ibr,10.2139/ssrn.5113684,2025,Load Shedding Prediction,Operational control/assessment of load shedding under frequency or stability constraints,Not explicitly stated in available metadata,frequency / stability signals,load shedding prediction,None reported in available metadata,Journal venue provides peer-reviewed validation beyond conference abstracts.,"No citation record yet; external validation of impact is unproven. | Reproducibility assessment limited because dataset, splits, and baselines are not documented in metadata. | Absence of explicit graph structure limits direct architectural transfer to STGT. | No explainability mechanism—insufficient for explainable STGT research claims.",Analysis constrained by missing/short abstract in catalog metadata. | Sparse shedding labels (confirmed in project Phase 02) are rarely addressed in control-oriented papers. | No Bangladesh or South-Asia grid case study—external validity to project dataset is unproven.,Bridge shedding prediction with zero-inflated or event-aware forecasting rather than pure optimisation. | Replicate or benchmark on Bangladesh daily smart-grid data (project raw/interim sets).,Medium — load-shedding focus matches project target
18,10.1109_isgtla64895.2025.11371202,Impact of Tuning Under Frequency Load Shedding Scheme on Frequency Response: A Case Study from Puerto Rico,10.1109/isgtla64895.2025.11371202,2025,Load Shedding Prediction,Operational control/assessment of load shedding under frequency or stability constraints,Puerto Rico grid case study,frequency / stability signals,load shedding prediction,None reported in available metadata,,"Conference format often limits dataset breadth, ablation depth, and reproducibility detail. | No citation record yet; external validation of impact is unproven. | Reproducibility assessment limited because dataset, splits, and baselines are not documented in metadata. | Absence of explicit graph structure limits direct architectural transfer to STGT. | No explainability mechanism—insufficient for explainable STGT research claims.",Findings may not be fully validated across diverse grid contexts beyond the presented case. | Analysis constrained by missing/short abstract in catalog metadata. | Sparse shedding labels (confirmed in project Phase 02) are rarely addressed in control-oriented papers. | No Bangladesh or South-Asia grid case study—external validity to project dataset is unproven.,Bridge shedding prediction with zero-inflated or event-aware forecasting rather than pure optimisation. | Replicate or benchmark on Bangladesh daily smart-grid data (project raw/interim sets).,Medium — load-shedding focus matches project target
19,10.1109_sgee68429.2025.11385577,Active Load Shedding Control Method and Frequency Modulation Strategy for New Energy Participating in AGC,10.1109/sgee68429.2025.11385577,2025,Load Shedding Prediction,Operational control/assessment of load shedding under frequency or stability constraints,Not explicitly stated in available metadata,frequency / stability signals,load shedding prediction,None reported in available metadata,Journal venue provides peer-reviewed validation beyond conference abstracts. | Directly targets load-shedding decision/control—high operational relevance.,"No citation record yet; external validation of impact is unproven. | Reproducibility assessment limited because dataset, splits, and baselines are not documented in metadata. | Many works optimise shedding actions rather than forecast shedding intensity—different learning objective from STGT regression/classification. | Absence of explicit graph structure limits direct architectural transfer to STGT. | No explainability mechanism—insufficient for explainable STGT research claims.",Analysis constrained by missing/short abstract in catalog metadata. | Sparse shedding labels (confirmed in project Phase 02) are rarely addressed in control-oriented papers. | No Bangladesh or South-Asia grid case study—external validity to project dataset is unproven.,Bridge shedding prediction with zero-inflated or event-aware forecasting rather than pure optimisation. | Replicate or benchmark on Bangladesh daily smart-grid data (project raw/interim sets).,Medium — load-shedding focus matches project target
20,10.2139_ssrn.5104306,Optimal Parking Lot Retrofit Planning for Electric Vehicle Charging Station During Prolonged Load Shedding,10.2139/ssrn.5104306,2025,Load Shedding Prediction,Operational control/assessment of load shedding under frequency or stability constraints,Not explicitly stated in available metadata,Historical load and calendar covariates (inferred from title),load shedding prediction,None reported in available metadata,Journal venue provides peer-reviewed validation beyond conference abstracts.,"No citation record yet; external validation of impact is unproven. | Reproducibility assessment limited because dataset, splits, and baselines are not documented in metadata. | Absence of explicit graph structure limits direct architectural transfer to STGT. | No explainability mechanism—insufficient for explainable STGT research claims.",Analysis constrained by missing/short abstract in catalog metadata. | Sparse shedding labels (confirmed in project Phase 02) are rarely addressed in control-oriented papers. | No Bangladesh or South-Asia grid case study—external validity to project dataset is unproven.,Bridge shedding prediction with zero-inflated or event-aware forecasting rather than pure optimisation. | Replicate or benchmark on Bangladesh daily smart-grid data (project raw/interim sets).,Medium — load-shedding focus matches project target
21,10.1109_isitia66279.2025.11137472,Optimization of Under Frequency Load Shedding Using Artificial Neural Network Clustering for Production Security in Upstream Oil and Gas,10.1109/isitia66279.2025.11137472,2025,Load Shedding Prediction,Operational control/assessment of load shedding under frequency or stability constraints,Not explicitly stated in available metadata,frequency / stability signals; cluster-based load profiles,neural network; optimization,None reported in available metadata,Directly targets load-shedding decision/control—high operational relevance.,"Conference format often limits dataset breadth, ablation depth, and reproducibility detail. | No citation record yet; external validation of impact is unproven. | Reproducibility assessment limited because dataset, splits, and baselines are not documented in metadata. | Many works optimise shedding actions rather than forecast shedding intensity—different learning objective from STGT regression/classification. | Absence of explicit graph structure limits direct architectural transfer to STGT. | No explainability mechanism—insufficient for explainable STGT research claims.",Findings may not be fully validated across diverse grid contexts beyond the presented case. | Analysis constrained by missing/short abstract in catalog metadata. | Sparse shedding labels (confirmed in project Phase 02) are rarely addressed in control-oriented papers. | No Bangladesh or South-Asia grid case study—external validity to project dataset is unproven.,Bridge shedding prediction with zero-inflated or event-aware forecasting rather than pure optimisation. | Replicate or benchmark on Bangladesh daily smart-grid data (project raw/interim sets).,Medium — load-shedding focus matches project target
22,10.1016_j.energy.2025.135624,Optimal parking lot retrofit planning for electric vehicle charging station during prolonged load shedding,10.1016/j.energy.2025.135624,2025,Load Shedding Prediction,Operational control/assessment of load shedding under frequency or stability constraints,Not explicitly stated in available metadata,Historical load and calendar covariates (inferred from title),load shedding prediction,None reported in available metadata,Journal venue provides peer-reviewed validation beyond conference abstracts.,"Reproducibility assessment limited because dataset, splits, and baselines are not documented in metadata. | Absence of explicit graph structure limits direct architectural transfer to STGT. | No explainability mechanism—insufficient for explainable STGT research claims.",Analysis constrained by missing/short abstract in catalog metadata. | Sparse shedding labels (confirmed in project Phase 02) are rarely addressed in control-oriented papers. | No Bangladesh or South-Asia grid case study—external validity to project dataset is unproven.,Bridge shedding prediction with zero-inflated or event-aware forecasting rather than pure optimisation. | Replicate or benchmark on Bangladesh daily smart-grid data (project raw/interim sets).,Medium — load-shedding focus matches project target
23,10.1109_icmlas64557.2025.10967699,Smart Grid Management with AI Driven Analytics in Solar Energy,10.1109/icmlas64557.2025.10967699,2025,Smart Grid Analytics,Smart-grid analytics aligned with smart grid analytics,Not explicitly stated in available metadata,Historical load and calendar covariates (inferred from title),smart grid analytics,None reported in available metadata,"Covers demand response, cyber analytics, or AMI practices relevant to smart-grid deployment.","Conference format often limits dataset breadth, ablation depth, and reproducibility detail. | Reproducibility assessment limited because dataset, splits, and baselines are not documented in metadata. | Broad analytics scope; forecasting/shedding may be secondary to control or security objectives. | Absence of explicit graph structure limits direct architectural transfer to STGT. | No explainability mechanism—insufficient for explainable STGT research claims.",Findings may not be fully validated across diverse grid contexts beyond the presented case. | Analysis constrained by missing/short abstract in catalog metadata. | No Bangladesh or South-Asia grid case study—external validity to project dataset is unproven.,"Extract transferable covariates (AMI cadence, DR participation) for feature engineering. | Replicate or benchmark on Bangladesh daily smart-grid data (project raw/interim sets).",Low — peripheral: forecasting/analytics without explicit graph or shedding focus
24,10.1109_icmlant68509.2025.11394862,Towards Smart Charging Strategies: Using Machine Learning to Predict EV Charging Pattern via Smart Grid,10.1109/icmlant68509.2025.11394862,2025,Smart Grid Analytics,Smart-grid analytics aligned with smart grid analytics,Electric-vehicle charging infrastructure data,Historical load and calendar covariates (inferred from title),machine learning,None reported in available metadata,"Covers demand response, cyber analytics, or AMI practices relevant to smart-grid deployment.","Conference format often limits dataset breadth, ablation depth, and reproducibility detail. | No citation record yet; external validation of impact is unproven. | Reproducibility assessment limited because dataset, splits, and baselines are not documented in metadata. | Broad analytics scope; forecasting/shedding may be secondary to control or security objectives. | Absence of explicit graph structure limits direct architectural transfer to STGT. | No explainability mechanism—insufficient for explainable STGT research claims.",Findings may not be fully validated across diverse grid contexts beyond the presented case. | Analysis constrained by missing/short abstract in catalog metadata. | No Bangladesh or South-Asia grid case study—external validity to project dataset is unproven.,"Extract transferable covariates (AMI cadence, DR participation) for feature engineering. | Replicate or benchmark on Bangladesh daily smart-grid data (project raw/interim sets).",Low — peripheral: forecasting/analytics without explicit graph or shedding focus
25,10.1109_wconf64849.2025.11233664,Machine Learning and IOT-Based Predictive Analytics for Smart Grid Load Balancing and Demand Forecasting,10.1109/wconf64849.2025.11233664,2025,Smart Grid Analytics,Short-/medium-term energy or load forecasting (smart grid analytics),Not explicitly stated in available metadata,Historical load and calendar covariates (inferred from title),machine learning,None reported in available metadata,"Covers demand response, cyber analytics, or AMI practices relevant to smart-grid deployment.","Conference format often limits dataset breadth, ablation depth, and reproducibility detail. | No citation record yet; external validation of impact is unproven. | Reproducibility assessment limited because dataset, splits, and baselines are not documented in metadata. | Broad analytics scope; forecasting/shedding may be secondary to control or security objectives. | Absence of explicit graph structure limits direct architectural transfer to STGT. | No explainability mechanism—insufficient for explainable STGT research claims.",Findings may not be fully validated across diverse grid contexts beyond the presented case. | Analysis constrained by missing/short abstract in catalog metadata. | No Bangladesh or South-Asia grid case study—external validity to project dataset is unproven.,"Extract transferable covariates (AMI cadence, DR participation) for feature engineering. | Replicate or benchmark on Bangladesh daily smart-grid data (project raw/interim sets).",Low — peripheral: forecasting/analytics without explicit graph or shedding focus
26,10.1109_access.2025.3543759,Interpretable Prediction of a Decentralized Smart Grid Based on Machine Learning and Explainable Artificial Intelligence,10.1109/access.2025.3543759,2025,Explainable AI,Explaining or reviewing interpretability of load-forecasting models,Not explicitly stated in available metadata,Historical load and calendar covariates (inferred from title),machine learning,Explainable AI framework (method not fully specified in metadata),Journal venue provides peer-reviewed validation beyond conference abstracts. | Directly supports explainable STGT claims required by the project manuscript.,"Reproducibility assessment limited because dataset, splits, and baselines are not documented in metadata.",Analysis constrained by missing/short abstract in catalog metadata. | No Bangladesh or South-Asia grid case study—external validity to project dataset is unproven.,Apply SHAP to node-level and global graph features separately for operator-facing explanations. | Replicate or benchmark on Bangladesh daily smart-grid data (project raw/interim sets).,Low — explainability track aligns with manuscript goal
27,10.1109_tsg.2024.3458074,Aggregator-Grid Interactive Building Dual-Layer Price-Responsive Demand Response Scheduling Based on Federated Deep Reinforcement Learning,10.1109/tsg.2024.3458074,2025,Smart Grid Analytics,"Smart-grid operational analytics (demand response, security, or cyber resilience)",Not explicitly stated in available metadata,demand-response participation signals,deep reinforcement learning; federated,None reported in available metadata,"Published in a high-impact, field-relevant journal with rigorous peer review. | Covers demand response, cyber analytics, or AMI practices relevant to smart-grid deployment.","Reproducibility assessment limited because dataset, splits, and baselines are not documented in metadata. | Broad analytics scope; forecasting/shedding may be secondary to control or security objectives. | Federated/DRL setups add deployment complexity not yet in project pipeline. | Absence of explicit graph structure limits direct architectural transfer to STGT. | No explainability mechanism—insufficient for explainable STGT research claims.",Analysis constrained by missing/short abstract in catalog metadata. | No Bangladesh or South-Asia grid case study—external validity to project dataset is unproven.,"Extract transferable covariates (AMI cadence, DR participation) for feature engineering. | Replicate or benchmark on Bangladesh daily smart-grid data (project raw/interim sets).",Low — peripheral: forecasting/analytics without explicit graph or shedding focus
28,10.1109_icsge68440.2025.11441914,A Centralized Deep Reinforcement Learning Method for Demand Response in Building Clusters,10.1109/icsge68440.2025.11441914,2025,Smart Grid Analytics,"Smart-grid operational analytics (demand response, security, or cyber resilience)",Not explicitly stated in available metadata,demand-response participation signals; cluster-based load profiles,deep reinforcement learning,None reported in available metadata,"Journal venue provides peer-reviewed validation beyond conference abstracts. | Covers demand response, cyber analytics, or AMI practices relevant to smart-grid deployment.","No citation record yet; external validation of impact is unproven. | Reproducibility assessment limited because dataset, splits, and baselines are not documented in metadata. | Broad analytics scope; forecasting/shedding may be secondary to control or security objectives. | Federated/DRL setups add deployment complexity not yet in project pipeline. | Absence of explicit graph structure limits direct architectural transfer to STGT. | No explainability mechanism—insufficient for explainable STGT research claims.",Analysis constrained by missing/short abstract in catalog metadata. | No Bangladesh or South-Asia grid case study—external validity to project dataset is unproven.,"Extract transferable covariates (AMI cadence, DR participation) for feature engineering. | Replicate or benchmark on Bangladesh daily smart-grid data (project raw/interim sets).",Low — peripheral: forecasting/analytics without explicit graph or shedding focus
29,10.1016_b978-0-443-28951-4.00003-4,Smart grid technologies through data preprocessing and feature engineering: role in demand response and green machine learning,10.1016/b978-0-443-28951-4.00003-4,2025,Smart Grid Analytics,"Smart-grid operational analytics (demand response, security, or cyber resilience)",Not explicitly stated in available metadata,demand-response participation signals,machine learning,None reported in available metadata,"Journal venue provides peer-reviewed validation beyond conference abstracts. | Covers demand response, cyber analytics, or AMI practices relevant to smart-grid deployment.","Reproducibility assessment limited because dataset, splits, and baselines are not documented in metadata. | Broad analytics scope; forecasting/shedding may be secondary to control or security objectives. | Absence of explicit graph structure limits direct architectural transfer to STGT. | No explainability mechanism—insufficient for explainable STGT research claims.",Analysis constrained by missing/short abstract in catalog metadata. | No Bangladesh or South-Asia grid case study—external validity to project dataset is unproven.,"Extract transferable covariates (AMI cadence, DR participation) for feature engineering. | Replicate or benchmark on Bangladesh daily smart-grid data (project raw/interim sets).",Low — peripheral: forecasting/analytics without explicit graph or shedding focus
30,10.1109_tsg.2023.3315750,A Multi-Scale Spatial–Temporal Graph Neural Network-Based Method of Multienergy Load Forecasting in Integrated Energy System,10.1109/tsg.2023.3315750,2024,Graph Neural Networks,Short-/medium-term energy or load forecasting (graph neural networks),Not explicitly stated in available metadata,graph-structured spatial features,graph neural network; neural network,None reported in available metadata,"Published in a high-impact, field-relevant journal with rigorous peer review. | Strong citation footprint (76) suggests community uptake and methodological influence. | Explicitly models spatial dependencies—essential for multi-node Bangladesh grid forecasting.","Reproducibility assessment limited because dataset, splits, and baselines are not documented in metadata. | Graph topology construction (physical vs correlation-based) often under-specified for transfer to new regions. | No explainability mechanism—insufficient for explainable STGT research claims.",Analysis constrained by missing/short abstract in catalog metadata. | Evaluation typically on US/EU datasets; direct transfer to Bangladesh division-level topology unverified. | No Bangladesh or South-Asia grid case study—external validity to project dataset is unproven.,Adapt graph-learning modules to 9-division Bangladesh node set with Phase 02 correlation priors. | Replicate or benchmark on Bangladesh daily smart-grid data (project raw/interim sets).,High — direct architectural alignment with STGT; graph-based spatial modelling
31,10.1109_tsg.2023.3321116,Load Forecasting of Electric Vehicle Charging Stations: Attention Based Spatiotemporal Multi–Graph Convolutional Networks,10.1109/tsg.2023.3321116,2024,Graph Neural Networks,Short-/medium-term energy or load forecasting (graph neural networks),Not explicitly stated in available metadata,graph-structured spatial features; spatio-temporal coupling features,graph convolution,None reported in available metadata,"Published in a high-impact, field-relevant journal with rigorous peer review. | Strong citation footprint (56) suggests community uptake and methodological influence. | Explicitly models spatial dependencies—essential for multi-node Bangladesh grid forecasting.","Reproducibility assessment limited because dataset, splits, and baselines are not documented in metadata. | Graph topology construction (physical vs correlation-based) often under-specified for transfer to new regions. | No explainability mechanism—insufficient for explainable STGT research claims.",Analysis constrained by missing/short abstract in catalog metadata. | Evaluation typically on US/EU datasets; direct transfer to Bangladesh division-level topology unverified. | No Bangladesh or South-Asia grid case study—external validity to project dataset is unproven.,Adapt graph-learning modules to 9-division Bangladesh node set with Phase 02 correlation priors. | Replicate or benchmark on Bangladesh daily smart-grid data (project raw/interim sets).,High — direct architectural alignment with STGT; graph-based spatial modelling
32,10.1016_j.ijepes.2024.110074,"Enhancing multivariate, multi-step residential load forecasting with spatiotemporal graph attention-enabled transformer",10.1016/j.ijepes.2024.110074,2024,Graph Transformers,Short-/medium-term energy or load forecasting (graph transformers),Residential load/AMI data (region not fully specified in metadata),graph-structured spatial features; spatio-temporal coupling features,graph attention-enabled transformer; spatiotemporal graph; transformer,None reported in available metadata,Journal venue provides peer-reviewed validation beyond conference abstracts. | Explicitly models spatial dependencies—essential for multi-node Bangladesh grid forecasting. | Transformer temporal backbone aligns with STGT sequence modelling requirements.,"Reproducibility assessment limited because dataset, splits, and baselines are not documented in metadata. | Graph topology construction (physical vs correlation-based) often under-specified for transfer to new regions. | No explainability mechanism—insufficient for explainable STGT research claims.",Analysis constrained by missing/short abstract in catalog metadata. | Evaluation typically on US/EU datasets; direct transfer to Bangladesh division-level topology unverified. | No Bangladesh or South-Asia grid case study—external validity to project dataset is unproven.,Adapt graph-learning modules to 9-division Bangladesh node set with Phase 02 correlation priors. | Replicate or benchmark on Bangladesh daily smart-grid data (project raw/interim sets).,High — direct architectural alignment with STGT; graph-based spatial modelling; spatio-temporal transformer backbone
33,10.1016_j.egyai.2024.100358,Explainability and Interpretability in Electric Load Forecasting Using Machine Learning Techniques – A Review,10.1016/j.egyai.2024.100358,2024,Explainable AI,Explaining or reviewing interpretability of load-forecasting models,Not explicitly stated in available metadata,Historical load and calendar covariates (inferred from title),machine learning,"Review of XAI methods (SHAP, feature importance, etc.)","Published in a high-impact, field-relevant journal with rigorous peer review. | Strong citation footprint (106) suggests community uptake and methodological influence. | Directly supports explainable STGT claims required by the project manuscript. | Review synthesises XAI methods applicable across baseline and proposed model.","Reproducibility assessment limited because dataset, splits, and baselines are not documented in metadata.",Analysis constrained by missing/short abstract in catalog metadata. | Review paper does not provide new empirical STGT explainability evidence. | No Bangladesh or South-Asia grid case study—external validity to project dataset is unproven.,Apply SHAP to node-level and global graph features separately for operator-facing explanations. | Replicate or benchmark on Bangladesh daily smart-grid data (project raw/interim sets).,Low — explainability track aligns with manuscript goal
34,10.1016_j.apenergy.2024.123788,Multi-energy load forecasting via hierarchical multi-task learning and spatiotemporal attention,10.1016/j.apenergy.2024.123788,2024,Multi-task Learning,Short-/medium-term energy or load forecasting (multi-task learning),Not explicitly stated in available metadata,spatio-temporal coupling features,hierarchical multi-task,None reported in available metadata,"Published in a high-impact, field-relevant journal with rigorous peer review. | Strong citation footprint (51) suggests community uptake and methodological influence. | Joint learning of related energy loads directly supports STGT multi-head architecture.","Reproducibility assessment limited because dataset, splits, and baselines are not documented in metadata. | Task weighting and negative transfer risks often under-reported without uncertainty-based balancing. | Absence of explicit graph structure limits direct architectural transfer to STGT. | No explainability mechanism—insufficient for explainable STGT research claims.","Analysis constrained by missing/short abstract in catalog metadata. | Tasks are typically multi-energy (heat/gas/electricity), not demand + sparse shedding. | No Bangladesh or South-Asia grid case study—external validity to project dataset is unproven.",Reframe multi-task heads toward demand regression + shedding event detection. | Replicate or benchmark on Bangladesh daily smart-grid data (project raw/interim sets).,Low — multi-task formulation relevant to demand + shedding tasks
35,10.1007_s41019-023-00233-8,Graph Neural Network-Based Short‑Term Load Forecasting with Temporal Convolution,10.1007/s41019-023-00233-8,2024,Graph Neural Networks,Short-/medium-term energy or load forecasting (graph neural networks),ISO-NE (US independent system operator),graph-structured spatial features,graph neural network; graph convolution; cnn; neural network,None reported in available metadata,Journal venue provides peer-reviewed validation beyond conference abstracts. | Sufficient abstract detail enables method-level critique beyond title inference. | Explicitly models spatial dependencies—essential for multi-node Bangladesh grid forecasting. | Addresses unknown/learnable graph structure—a realistic assumption for regional grids.,Graph topology construction (physical vs correlation-based) often under-specified for transfer to new regions. | No explainability mechanism—insufficient for explainable STGT research claims.,Evaluation typically on US/EU datasets; direct transfer to Bangladesh division-level topology unverified. | No Bangladesh or South-Asia grid case study—external validity to project dataset is unproven.,Adapt graph-learning modules to 9-division Bangladesh node set with Phase 02 correlation priors. | Replicate or benchmark on Bangladesh daily smart-grid data (project raw/interim sets).,High — direct architectural alignment with STGT; graph-based spatial modelling
36,10.1109_tpwrs.2024.3357748,A Semi-Markov Stochastic Model for Operational Reliability Assessment of Hybrid AC and LCC-VSC-Based DC System With Remote Wind Farms,10.1109/tpwrs.2024.3357748,2024,Operational Stress Assessment,Quantifying or improving power-system reliability/resilience under disturbances,Hybrid AC/DC system with remote wind farms,wind-power uncertainty,semi-markov,None reported in available metadata,"Published in a high-impact, field-relevant journal with rigorous peer review. | Operational reliability/stress framing aligns with project operational-stress index (Phase 05B).","Reproducibility assessment limited because dataset, splits, and baselines are not documented in metadata. | Often reliability-engineering stochastic models rather than ML forecasting pipelines. | Absence of explicit graph structure limits direct architectural transfer to STGT. | No explainability mechanism—insufficient for explainable STGT research claims.",Analysis constrained by missing/short abstract in catalog metadata. | May focus on transmission/HV assets rather than daily regional demand-shedding stress. | No Bangladesh or South-Asia grid case study—external validity to project dataset is unproven.,Integrate semi-Markov / security assessment metrics as auxiliary stress labels. | Replicate or benchmark on Bangladesh daily smart-grid data (project raw/interim sets).,Low — operational stress/reliability assessment context
37,10.1109_icpst61417.2024.10602123,Operational Security Situation Assessment of Power System Based on Random Matrix Theory and L2 Norm,10.1109/icpst61417.2024.10602123,2024,Operational Stress Assessment,Smart-grid analytics aligned with operational stress assessment,Not explicitly stated in available metadata,Historical load and calendar covariates (inferred from title),random matrix,None reported in available metadata,Operational reliability/stress framing aligns with project operational-stress index (Phase 05B).,"Conference format often limits dataset breadth, ablation depth, and reproducibility detail. | No citation record yet; external validation of impact is unproven. | Reproducibility assessment limited because dataset, splits, and baselines are not documented in metadata. | Often reliability-engineering stochastic models rather than ML forecasting pipelines. | Absence of explicit graph structure limits direct architectural transfer to STGT. | No explainability mechanism—insufficient for explainable STGT research claims.",Findings may not be fully validated across diverse grid contexts beyond the presented case. | Analysis constrained by missing/short abstract in catalog metadata. | May focus on transmission/HV assets rather than daily regional demand-shedding stress. | No Bangladesh or South-Asia grid case study—external validity to project dataset is unproven.,Integrate semi-Markov / security assessment metrics as auxiliary stress labels. | Replicate or benchmark on Bangladesh daily smart-grid data (project raw/interim sets).,Low — operational stress/reliability assessment context
38,10.1109_pesgm51994.2024.10688439,Optimal Coordinated Generator Tripping and Load Shedding for Power System Transient Stability Enhancement,10.1109/pesgm51994.2024.10688439,2024,Load Shedding Prediction,Operational control/assessment of load shedding under frequency or stability constraints,Not explicitly stated in available metadata,Historical load and calendar covariates (inferred from title),load shedding prediction,None reported in available metadata,Journal venue provides peer-reviewed validation beyond conference abstracts.,"Reproducibility assessment limited because dataset, splits, and baselines are not documented in metadata. | Absence of explicit graph structure limits direct architectural transfer to STGT. | No explainability mechanism—insufficient for explainable STGT research claims.",Analysis constrained by missing/short abstract in catalog metadata. | Sparse shedding labels (confirmed in project Phase 02) are rarely addressed in control-oriented papers. | No Bangladesh or South-Asia grid case study—external validity to project dataset is unproven.,Bridge shedding prediction with zero-inflated or event-aware forecasting rather than pure optimisation. | Replicate or benchmark on Bangladesh daily smart-grid data (project raw/interim sets).,Medium — load-shedding focus matches project target
39,10.1109_epsic63429.2024.00025,A Load Shedding Control Method for Power System Based on Frequency Prediction and Deep Reinforcement Learning,10.1109/epsic63429.2024.00025,2024,Load Shedding Prediction,Operational control/assessment of load shedding under frequency or stability constraints,Not explicitly stated in available metadata,frequency / stability signals,deep reinforcement learning,None reported in available metadata,Directly targets load-shedding decision/control—high operational relevance.,"Conference format often limits dataset breadth, ablation depth, and reproducibility detail. | No citation record yet; external validation of impact is unproven. | Reproducibility assessment limited because dataset, splits, and baselines are not documented in metadata. | Many works optimise shedding actions rather than forecast shedding intensity—different learning objective from STGT regression/classification. | Surrogate/control models may not generalise under distribution shift from rare shedding events. | Absence of explicit graph structure limits direct architectural transfer to STGT. | No explainability mechanism—insufficient for explainable STGT research claims.",Findings may not be fully validated across diverse grid contexts beyond the presented case. | Analysis constrained by missing/short abstract in catalog metadata. | Sparse shedding labels (confirmed in project Phase 02) are rarely addressed in control-oriented papers. | No Bangladesh or South-Asia grid case study—external validity to project dataset is unproven.,Bridge shedding prediction with zero-inflated or event-aware forecasting rather than pure optimisation. | Replicate or benchmark on Bangladesh daily smart-grid data (project raw/interim sets).,Medium — load-shedding focus matches project target
40,10.1016_j.heliyon.2024.e35273,Performance analysis of deep learning-based electric load forecasting model with particle swarm optimization,10.1016/j.heliyon.2024.e35273,2024,Electrical Load Forecasting,Short-/medium-term energy or load forecasting (electrical load forecasting),Not explicitly stated in available metadata,Historical load and calendar covariates (inferred from title),particle swarm; deep learning; optimization,None reported in available metadata,Journal venue provides peer-reviewed validation beyond conference abstracts. | Core load-forecasting competency underpins primary STGT regression heads.,"Reproducibility assessment limited because dataset, splits, and baselines are not documented in metadata. | Predominantly single-series or single-site forecasting; limited multi-node coupling. | Absence of explicit graph structure limits direct architectural transfer to STGT. | No explainability mechanism—insufficient for explainable STGT research claims.",Analysis constrained by missing/short abstract in catalog metadata. | Rarely models load-shedding jointly with demand; task isolation limits multi-task insight. | No Bangladesh or South-Asia grid case study—external validity to project dataset is unproven.,Extend univariate forecast pipelines to graph-coupled multi-task targets. | Replicate or benchmark on Bangladesh daily smart-grid data (project raw/interim sets).,Low — peripheral: forecasting/analytics without explicit graph or shedding focus
41,10.1109_iyce60333.2024.10634913,Very Short-Term Prosumer Electric Load Forecasting Using Deep Learning-Based Techniques,10.1109/iyce60333.2024.10634913,2024,Electrical Load Forecasting,Short-/medium-term energy or load forecasting (electrical load forecasting),Not explicitly stated in available metadata,Historical load and calendar covariates (inferred from title),deep learning,None reported in available metadata,Journal venue provides peer-reviewed validation beyond conference abstracts. | Core load-forecasting competency underpins primary STGT regression heads.,"Reproducibility assessment limited because dataset, splits, and baselines are not documented in metadata. | Predominantly single-series or single-site forecasting; limited multi-node coupling. | Absence of explicit graph structure limits direct architectural transfer to STGT. | No explainability mechanism—insufficient for explainable STGT research claims.",Analysis constrained by missing/short abstract in catalog metadata. | Rarely models load-shedding jointly with demand; task isolation limits multi-task insight. | No Bangladesh or South-Asia grid case study—external validity to project dataset is unproven.,Extend univariate forecast pipelines to graph-coupled multi-task targets. | Replicate or benchmark on Bangladesh daily smart-grid data (project raw/interim sets).,Low — peripheral: forecasting/analytics without explicit graph or shedding focus
42,10.23919_ccc63176.2024.10662217,Short-term electric load forecasting method based on hybrid ensemble deep learning framework,10.23919/ccc63176.2024.10662217,2024,Electrical Load Forecasting,Short-/medium-term energy or load forecasting (electrical load forecasting),Not explicitly stated in available metadata,Historical load and calendar covariates (inferred from title),ensemble; deep learning,None reported in available metadata,Core load-forecasting competency underpins primary STGT regression heads. | Hybrid/ensemble designs offer ablation baselines for STGT comparisons.,"Conference format often limits dataset breadth, ablation depth, and reproducibility detail. | No citation record yet; external validation of impact is unproven. | Reproducibility assessment limited because dataset, splits, and baselines are not documented in metadata. | Predominantly single-series or single-site forecasting; limited multi-node coupling. | Absence of explicit graph structure limits direct architectural transfer to STGT. | No explainability mechanism—insufficient for explainable STGT research claims.",Findings may not be fully validated across diverse grid contexts beyond the presented case. | Analysis constrained by missing/short abstract in catalog metadata. | Rarely models load-shedding jointly with demand; task isolation limits multi-task insight. | No Bangladesh or South-Asia grid case study—external validity to project dataset is unproven.,Extend univariate forecast pipelines to graph-coupled multi-task targets. | Replicate or benchmark on Bangladesh daily smart-grid data (project raw/interim sets).,Low — peripheral: forecasting/analytics without explicit graph or shedding focus
43,10.2139_ssrn.4896999,Short-Term Load Forecasting with Deep Learning: Improving Performance with Post-Training Specialization,10.2139/ssrn.4896999,2024,Electrical Load Forecasting,Short-/medium-term energy or load forecasting (electrical load forecasting),Not explicitly stated in available metadata,Historical load and calendar covariates (inferred from title),deep learning,None reported in available metadata,Journal venue provides peer-reviewed validation beyond conference abstracts. | Core load-forecasting competency underpins primary STGT regression heads.,"Reproducibility assessment limited because dataset, splits, and baselines are not documented in metadata. | Predominantly single-series or single-site forecasting; limited multi-node coupling. | Absence of explicit graph structure limits direct architectural transfer to STGT. | No explainability mechanism—insufficient for explainable STGT research claims.",Analysis constrained by missing/short abstract in catalog metadata. | Rarely models load-shedding jointly with demand; task isolation limits multi-task insight. | No Bangladesh or South-Asia grid case study—external validity to project dataset is unproven.,Extend univariate forecast pipelines to graph-coupled multi-task targets. | Replicate or benchmark on Bangladesh daily smart-grid data (project raw/interim sets).,Low — peripheral: forecasting/analytics without explicit graph or shedding focus
44,10.1109_iccspa61559.2024.10794251,On the Utilization of Autoformer-Based Deep Learning for Electric Vehicle Charging Load Forecasting,10.1109/iccspa61559.2024.10794251,2024,Electrical Load Forecasting,Short-/medium-term energy or load forecasting (electrical load forecasting),Not explicitly stated in available metadata,Historical load and calendar covariates (inferred from title),autoformer; deep learning,None reported in available metadata,Core load-forecasting competency underpins primary STGT regression heads.,"Conference format often limits dataset breadth, ablation depth, and reproducibility detail. | Reproducibility assessment limited because dataset, splits, and baselines are not documented in metadata. | Predominantly single-series or single-site forecasting; limited multi-node coupling. | Absence of explicit graph structure limits direct architectural transfer to STGT. | No explainability mechanism—insufficient for explainable STGT research claims.",Findings may not be fully validated across diverse grid contexts beyond the presented case. | Analysis constrained by missing/short abstract in catalog metadata. | Rarely models load-shedding jointly with demand; task isolation limits multi-task insight. | No Bangladesh or South-Asia grid case study—external validity to project dataset is unproven.,Extend univariate forecast pipelines to graph-coupled multi-task targets. | Replicate or benchmark on Bangladesh daily smart-grid data (project raw/interim sets).,Low — peripheral: forecasting/analytics without explicit graph or shedding focus
45,10.2139_ssrn.4937263,Short Term Residential Load Multi Step Forecasting Via Dual Channel Spatial-Temporal Transformer Based on Seasonal Trend Decoupling,10.2139/ssrn.4937263,2024,Spatio-Temporal Forecasting,Short-/medium-term energy or load forecasting (spatio-temporal forecasting),Residential load/AMI data (region not fully specified in metadata),Historical load and calendar covariates (inferred from title),transformer,None reported in available metadata,Journal venue provides peer-reviewed validation beyond conference abstracts. | Explicitly models spatial dependencies—essential for multi-node Bangladesh grid forecasting. | Transformer temporal backbone aligns with STGT sequence modelling requirements.,"No citation record yet; external validation of impact is unproven. | Reproducibility assessment limited because dataset, splits, and baselines are not documented in metadata. | Graph topology construction (physical vs correlation-based) often under-specified for transfer to new regions. | Absence of explicit graph structure limits direct architectural transfer to STGT. | No explainability mechanism—insufficient for explainable STGT research claims.",Analysis constrained by missing/short abstract in catalog metadata. | Evaluation typically on US/EU datasets; direct transfer to Bangladesh division-level topology unverified. | No Bangladesh or South-Asia grid case study—external validity to project dataset is unproven.,Adapt graph-learning modules to 9-division Bangladesh node set with Phase 02 correlation priors. | Replicate or benchmark on Bangladesh daily smart-grid data (project raw/interim sets).,High — direct architectural alignment with STGT; spatio-temporal transformer backbone
46,10.1109_npsc61626.2024.10986789,Transformer-Based Short-Term Residential Load Forecasting Integrated Peer-to-Peer Energy Trading,10.1109/npsc61626.2024.10986789,2024,Electrical Load Forecasting,Short-/medium-term energy or load forecasting (electrical load forecasting),Residential load/AMI data (region not fully specified in metadata),Historical load and calendar covariates (inferred from title),transformer,None reported in available metadata,Core load-forecasting competency underpins primary STGT regression heads.,"Conference format often limits dataset breadth, ablation depth, and reproducibility detail. | No citation record yet; external validation of impact is unproven. | Reproducibility assessment limited because dataset, splits, and baselines are not documented in metadata. | Predominantly single-series or single-site forecasting; limited multi-node coupling. | Absence of explicit graph structure limits direct architectural transfer to STGT. | No explainability mechanism—insufficient for explainable STGT research claims.",Findings may not be fully validated across diverse grid contexts beyond the presented case. | Analysis constrained by missing/short abstract in catalog metadata. | Rarely models load-shedding jointly with demand; task isolation limits multi-task insight. | No Bangladesh or South-Asia grid case study—external validity to project dataset is unproven.,Extend univariate forecast pipelines to graph-coupled multi-task targets. | Replicate or benchmark on Bangladesh daily smart-grid data (project raw/interim sets).,Low — peripheral: forecasting/analytics without explicit graph or shedding focus
47,10.1109_tsg.2024.3393426,Under-Frequency Load Shedding for Power Reserve Management in Islanded Microgrids,10.1109/tsg.2024.3393426,2024,Load Shedding Prediction,Operational control/assessment of load shedding under frequency or stability constraints,Islanded/microgrid operational scenarios,frequency / stability signals,load shedding prediction,None reported in available metadata,"Published in a high-impact, field-relevant journal with rigorous peer review.","Reproducibility assessment limited because dataset, splits, and baselines are not documented in metadata. | Absence of explicit graph structure limits direct architectural transfer to STGT. | No explainability mechanism—insufficient for explainable STGT research claims.",Analysis constrained by missing/short abstract in catalog metadata. | Sparse shedding labels (confirmed in project Phase 02) are rarely addressed in control-oriented papers. | No Bangladesh or South-Asia grid case study—external validity to project dataset is unproven.,Bridge shedding prediction with zero-inflated or event-aware forecasting rather than pure optimisation. | Replicate or benchmark on Bangladesh daily smart-grid data (project raw/interim sets).,Medium — load-shedding focus matches project target
48,10.1016_j.apenergy.2024.123162,Optimal adaptive decentralized under-frequency load shedding for islanded smart distribution network considering wind power uncertainty,10.1016/j.apenergy.2024.123162,2024,Load Shedding Prediction,Operational control/assessment of load shedding under frequency or stability constraints,Not explicitly stated in available metadata,frequency / stability signals; wind-power uncertainty,load shedding prediction,None reported in available metadata,"Published in a high-impact, field-relevant journal with rigorous peer review.","Reproducibility assessment limited because dataset, splits, and baselines are not documented in metadata. | Absence of explicit graph structure limits direct architectural transfer to STGT. | No explainability mechanism—insufficient for explainable STGT research claims.",Analysis constrained by missing/short abstract in catalog metadata. | Sparse shedding labels (confirmed in project Phase 02) are rarely addressed in control-oriented papers. | No Bangladesh or South-Asia grid case study—external validity to project dataset is unproven.,Bridge shedding prediction with zero-inflated or event-aware forecasting rather than pure optimisation. | Replicate or benchmark on Bangladesh daily smart-grid data (project raw/interim sets).,Medium — load-shedding focus matches project target
49,10.1109_tsg.2023.3296014,Hybrid Machine Learning Forecasting for Online MPC of Work Place Electric Vehicle Charging,10.1109/tsg.2023.3296014,2024,Smart Grid Analytics,Short-/medium-term energy or load forecasting (smart grid analytics),Not explicitly stated in available metadata,Historical load and calendar covariates (inferred from title),machine learning,None reported in available metadata,"Published in a high-impact, field-relevant journal with rigorous peer review. | Covers demand response, cyber analytics, or AMI practices relevant to smart-grid deployment.","Reproducibility assessment limited because dataset, splits, and baselines are not documented in metadata. | Broad analytics scope; forecasting/shedding may be secondary to control or security objectives. | Absence of explicit graph structure limits direct architectural transfer to STGT. | No explainability mechanism—insufficient for explainable STGT research claims.",Analysis constrained by missing/short abstract in catalog metadata. | No Bangladesh or South-Asia grid case study—external validity to project dataset is unproven.,"Extract transferable covariates (AMI cadence, DR participation) for feature engineering. | Replicate or benchmark on Bangladesh daily smart-grid data (project raw/interim sets).",Low — peripheral: forecasting/analytics without explicit graph or shedding focus
50,10.1007_s42979-024-03305-2,Integrated Architecture for Smart Grid Energy Management: Deep Attention-Enhanced Sequence-to-Sequence Model with Energy-Aware Optimized Reinforcement Learning for Demand Response,10.1007/s42979-024-03305-2,2024,Smart Grid Analytics,"Smart-grid operational analytics (demand response, security, or cyber resilience)",Not explicitly stated in available metadata,demand-response participation signals,smart grid analytics,None reported in available metadata,"Journal venue provides peer-reviewed validation beyond conference abstracts. | Covers demand response, cyber analytics, or AMI practices relevant to smart-grid deployment.","Reproducibility assessment limited because dataset, splits, and baselines are not documented in metadata. | Broad analytics scope; forecasting/shedding may be secondary to control or security objectives. | Federated/DRL setups add deployment complexity not yet in project pipeline. | Absence of explicit graph structure limits direct architectural transfer to STGT. | No explainability mechanism—insufficient for explainable STGT research claims.",Analysis constrained by missing/short abstract in catalog metadata. | No Bangladesh or South-Asia grid case study—external validity to project dataset is unproven.,"Extract transferable covariates (AMI cadence, DR participation) for feature engineering. | Replicate or benchmark on Bangladesh daily smart-grid data (project raw/interim sets).",Low — peripheral: forecasting/analytics without explicit graph or shedding focus
51,10.1016_j.ijepes.2023.109310,A novel resilience assessment for active distribution networks including a DER voltage regulation scheme considering windstorms,10.1016/j.ijepes.2023.109310,2023,Power System Reliability,Quantifying or improving power-system reliability/resilience under disturbances,Not explicitly stated in available metadata,wind-power uncertainty,power system reliability,None reported in available metadata,Journal venue provides peer-reviewed validation beyond conference abstracts. | Resilience under extreme weather connects to Bangladesh seasonal demand peaks (Phase 02).,"Reproducibility assessment limited because dataset, splits, and baselines are not documented in metadata. | Resilience metrics (ENS, outage duration) differ from daily MW shedding targets. | No explainability mechanism—insufficient for explainable STGT research claims.",Analysis constrained by missing/short abstract in catalog metadata. | DER/windstorm scenarios may not reflect Bangladesh fuel/limitation drivers documented in dataset. | No Bangladesh or South-Asia grid case study—external validity to project dataset is unproven.,Map resilience indicators to graph-level stress covariates in STGT. | Replicate or benchmark on Bangladesh daily smart-grid data (project raw/interim sets).,Low — operational stress/reliability assessment context
52,10.1016_j.ress.2023.109212,Vulnerability analysis of demand-response with renewable energy integration in smart grids to cyber attacks and online detection methods,10.1016/j.ress.2023.109212,2023,Smart Grid Analytics,"Smart-grid operational analytics (demand response, security, or cyber resilience)",Not explicitly stated in available metadata,renewable-generation indicators,smart grid analytics,None reported in available metadata,"Journal venue provides peer-reviewed validation beyond conference abstracts. | Strong citation footprint (63) suggests community uptake and methodological influence. | Covers demand response, cyber analytics, or AMI practices relevant to smart-grid deployment.","Reproducibility assessment limited because dataset, splits, and baselines are not documented in metadata. | Broad analytics scope; forecasting/shedding may be secondary to control or security objectives. | Absence of explicit graph structure limits direct architectural transfer to STGT. | No explainability mechanism—insufficient for explainable STGT research claims.",Analysis constrained by missing/short abstract in catalog metadata. | No Bangladesh or South-Asia grid case study—external validity to project dataset is unproven.,"Extract transferable covariates (AMI cadence, DR participation) for feature engineering. | Replicate or benchmark on Bangladesh daily smart-grid data (project raw/interim sets).",Low — peripheral: forecasting/analytics without explicit graph or shedding focus
53,10.1016_j.apenergy.2022.120565,Spatio-temporal wind speed forecasting using graph networks and novel Transformer architectures,10.1016/j.apenergy.2022.120565,2023,Spatio-Temporal Forecasting,Short-/medium-term energy or load forecasting (spatio-temporal forecasting),Not explicitly stated in available metadata,graph-structured spatial features; wind-power uncertainty,transformer,None reported in available metadata,"Published in a high-impact, field-relevant journal with rigorous peer review. | Strong citation footprint (175) suggests community uptake and methodological influence. | Explicitly models spatial dependencies—essential for multi-node Bangladesh grid forecasting. | Transformer temporal backbone aligns with STGT sequence modelling requirements.","Reproducibility assessment limited because dataset, splits, and baselines are not documented in metadata. | Graph topology construction (physical vs correlation-based) often under-specified for transfer to new regions. | Absence of explicit graph structure limits direct architectural transfer to STGT. | No explainability mechanism—insufficient for explainable STGT research claims.",Analysis constrained by missing/short abstract in catalog metadata. | Evaluation typically on US/EU datasets; direct transfer to Bangladesh division-level topology unverified. | No Bangladesh or South-Asia grid case study—external validity to project dataset is unproven.,Adapt graph-learning modules to 9-division Bangladesh node set with Phase 02 correlation priors. | Replicate or benchmark on Bangladesh daily smart-grid data (project raw/interim sets).,High — direct architectural alignment with STGT; spatio-temporal transformer backbone
54,10.1109_tsg.2022.3208211,Efficient Residential Electric Load Forecasting via Transfer Learning and Graph Neural Networks,10.1109/tsg.2022.3208211,2023,Graph Neural Networks,Short-/medium-term energy or load forecasting (graph neural networks),Residential load/AMI data (region not fully specified in metadata),graph-structured spatial features,graph neural network; neural network,None reported in available metadata,"Published in a high-impact, field-relevant journal with rigorous peer review. | Strong citation footprint (97) suggests community uptake and methodological influence. | Explicitly models spatial dependencies—essential for multi-node Bangladesh grid forecasting.","Reproducibility assessment limited because dataset, splits, and baselines are not documented in metadata. | Graph topology construction (physical vs correlation-based) often under-specified for transfer to new regions. | No explainability mechanism—insufficient for explainable STGT research claims.",Analysis constrained by missing/short abstract in catalog metadata. | Evaluation typically on US/EU datasets; direct transfer to Bangladesh division-level topology unverified. | No Bangladesh or South-Asia grid case study—external validity to project dataset is unproven.,Adapt graph-learning modules to 9-division Bangladesh node set with Phase 02 correlation priors. | Replicate or benchmark on Bangladesh daily smart-grid data (project raw/interim sets).,High — direct architectural alignment with STGT; graph-based spatial modelling
55,10.1109_ei259745.2023.10512367,DNN-Based Prediction Method of Optimal Load Shedding for Power System With High Penetration of Renewable Energy Under Typhoon Weather,10.1109/ei259745.2023.10512367,2023,Load Shedding Prediction,Operational control/assessment of load shedding under frequency or stability constraints,Not explicitly stated in available metadata,weather / temperature; renewable-generation indicators,load shedding prediction,None reported in available metadata,Journal venue provides peer-reviewed validation beyond conference abstracts.,"No citation record yet; external validation of impact is unproven. | Reproducibility assessment limited because dataset, splits, and baselines are not documented in metadata. | Surrogate/control models may not generalise under distribution shift from rare shedding events. | Absence of explicit graph structure limits direct architectural transfer to STGT. | No explainability mechanism—insufficient for explainable STGT research claims.",Analysis constrained by missing/short abstract in catalog metadata. | Sparse shedding labels (confirmed in project Phase 02) are rarely addressed in control-oriented papers. | No Bangladesh or South-Asia grid case study—external validity to project dataset is unproven.,Bridge shedding prediction with zero-inflated or event-aware forecasting rather than pure optimisation. | Replicate or benchmark on Bangladesh daily smart-grid data (project raw/interim sets).,Medium — load-shedding focus matches project target
