feature_name,feature_category,mathematical_definition,required_input_columns,expected_output_type,scientific_motivation,stgt_relevance,generic_or_novel,implementation_difficulty,priority,status
Date (temporal index),Temporal,t = parsed datetime index; preserved unscaled,Date,datetime64[ns],Anchors all time-series and windowing operations.,Required for spatio-temporal sequence construction and chronological batching.,Generic,Low,High,Existing
"Year, Month (calendar numerics)",Temporal,"Year(t), Month(t) from Date; StandardScaled in Phase 04",Year; Month,float32 (scaled),Captures long-term growth and coarse seasonality.,Global context signal for transformer temporal attention.,Generic,Low,High,Existing
National generation & peak demand metrics (7 cols),Grid,Raw national MW measurements; StandardScaled in Phase 04,Max. Demand at eve. peak (Generation end); Max. Demand at eve. peak (Sub-station end); Highest Generation (Generation end); Minimum Generation (Generation end); Day-peak Generation (Generation end); Evening-peak Generation (Generation end); Minimum Generation Forecast up to 8:00 hrs.,float32 (scaled) × 7,System-wide supply-demand balance at generation and sub-station ends.,Graph-level (global) conditioning vector for multi-node STGT.,Generic,Low,High,Existing
Operational limitation drivers (5 cols),Operational,"Gas/LF, coal, water, shutdown MW limits; StandardScaled",Maximum Temperature in Dhaka was; Gas/LF limitation; Coal supply Limitation; Low water level in Kaptai lake; Plants under shut down/ maintenance,float32 (scaled) × 5,"Fuel, water, and maintenance constraints drive supply shortfalls and stress.",Exogenous global stress covariates modulating attention across all nodes.,Generic,Low,High,Existing
Regional demand per node (9 cols),Regional,D_r(t) MW for each division r; StandardScaled,Dhaka_demand; Chattogram_demand; Rajshahi_demand; Mymensingh_demand; Sylhet_demand; Barishal_demand; Rangpur_demand; Cumilla_demand; Khulna_demand,float32 (scaled) × 9,Primary node-level load signal; dominant predictor of future demand.,Core node feature for graph transformer message passing.,Generic,Low,High,Existing
Regional supply per node (9 cols),Regional,S_r(t) MW; StandardScaled,Dhaka_supply; Chattogram_supply; Rajshahi_supply; Mymensingh_supply; Sylhet_supply; Barishal_supply; Rangpur_supply; Cumilla_supply; Khulna_supply,float32 (scaled) × 9,Delivered power; closely tracks demand in this dataset.,Node feature; collinear with demand — informs supply-side stress.,Generic,Low,Medium,Existing
Regional load-shedding per node (9 cols),Operational,L_r(t) MW unmet demand; StandardScaled; sparse (mostly zero),Dhaka_load; Chattogram_load; Rajshahi_load; Mymensingh_load; Sylhet_load; Barishal_load; Rangpur_load; Cumilla_load; Khulna_load,float32 (scaled) × 9,Direct measure of operational stress / load shedding at node r.,Primary sparse multi-task target and node-level stress indicator.,Generic,Low,High,Existing
Day-of-week one-hot (7 cols),Temporal,OneHot(Day of the week); fitted on train in Phase 04,Day of the week,float32 binary × 7,Weekly demand cycle; Friday holiday effect observed in EDA.,Calendar conditioning for temporal attention patterns.,Generic,Low,Medium,Existing
Holiday name one-hot (~28 train categories),Temporal,OneHot(Holiday name); handle_unknown=ignore,Holiday name,float32 binary × ~28,Public/religious holidays alter industrial and commercial load.,Event-based calendar conditioning; reduces Friday-only confounding.,Generic,Low,Medium,Existing
Holiday category one-hot (4 cols),Temporal,OneHot(Holiday_cat) for categories 0–3,Holiday_cat,float32 binary × 4,Compact holiday severity/type encoding.,Lower-dimensional calendar signal vs full holiday name.,Generic,Low,Low,Existing
day_of_year_sin,Temporal,sin(2π · doy(t) / 365.25) where doy = day-of-year from Date,Date,float32,Continuous cyclic encoding of annual seasonality (summer peak month 9 in EDA).,Smooth seasonal inductive bias for temporal self-attention without one-hot month.,Generic,Low,High,Proposed
day_of_year_cos,Temporal,cos(2π · doy(t) / 365.25),Date,float32,Complementary seasonal phase to day_of_year_sin.,Pairs with sin term for full annual cycle representation.,Generic,Low,High,Proposed
trend_index,Temporal,t_idx = (Date - Date_min).days; optionally StandardScaled on train,Date,float32,Captures ~52% demand growth 2019→2024 observed in Phase 02 EDA.,Explicit trend channel for long-horizon forecasting in transformer.,Generic,Low,High,Proposed
is_weekend,Temporal,"1 if Day of the week ∈ {Friday, Saturday}; else 0 (Bangladesh weekend pattern)",Day of the week,int8 / float32,Friday shows lowest mean demand and load-shedding in temporal EDA.,Compact weekly effect complementing one-hot day features.,Generic,Low,Medium,Proposed
gap_days_since_previous_observation,Temporal,Δt = (Date_t - Date_{t-1}).days; first row = NaN or 0,Date,float32,17 calendar gaps exist (Phase 03); lag windows must respect irregular spacing.,Gap-aware temporal modelling; flags when past lag spans missing days.,Novel,Low,High,Proposed
demand_lag_1_Dhaka,Temporal,D_r(t-1) using strictly past observed row (not calendar day if gap),Dhaka_demand; Date,float32,Strong autoregressive structure in daily demand series.,Primary node-level autoregressive input for one-step STGT forecasting.,Generic,Medium,High,Proposed
demand_lag_1_Chattogram,Temporal,D_r(t-1) using strictly past observed row (not calendar day if gap),Chattogram_demand; Date,float32,Strong autoregressive structure in daily demand series.,Primary node-level autoregressive input for one-step STGT forecasting.,Generic,Medium,High,Proposed
demand_lag_1_Rajshahi,Temporal,D_r(t-1) using strictly past observed row (not calendar day if gap),Rajshahi_demand; Date,float32,Strong autoregressive structure in daily demand series.,Primary node-level autoregressive input for one-step STGT forecasting.,Generic,Medium,High,Proposed
demand_lag_1_Mymensingh,Temporal,D_r(t-1) using strictly past observed row (not calendar day if gap),Mymensingh_demand; Date,float32,Strong autoregressive structure in daily demand series.,Primary node-level autoregressive input for one-step STGT forecasting.,Generic,Medium,High,Proposed
demand_lag_1_Sylhet,Temporal,D_r(t-1) using strictly past observed row (not calendar day if gap),Sylhet_demand; Date,float32,Strong autoregressive structure in daily demand series.,Primary node-level autoregressive input for one-step STGT forecasting.,Generic,Medium,High,Proposed
demand_lag_1_Barishal,Temporal,D_r(t-1) using strictly past observed row (not calendar day if gap),Barishal_demand; Date,float32,Strong autoregressive structure in daily demand series.,Primary node-level autoregressive input for one-step STGT forecasting.,Generic,Medium,High,Proposed
demand_lag_1_Rangpur,Temporal,D_r(t-1) using strictly past observed row (not calendar day if gap),Rangpur_demand; Date,float32,Strong autoregressive structure in daily demand series.,Primary node-level autoregressive input for one-step STGT forecasting.,Generic,Medium,High,Proposed
demand_lag_1_Cumilla,Temporal,D_r(t-1) using strictly past observed row (not calendar day if gap),Cumilla_demand; Date,float32,Strong autoregressive structure in daily demand series.,Primary node-level autoregressive input for one-step STGT forecasting.,Generic,Medium,High,Proposed
demand_lag_1_Khulna,Temporal,D_r(t-1) using strictly past observed row (not calendar day if gap),Khulna_demand; Date,float32,Strong autoregressive structure in daily demand series.,Primary node-level autoregressive input for one-step STGT forecasting.,Generic,Medium,High,Proposed
demand_lag_7_Dhaka,Temporal,"D_r(t-7_obs) — 7th preceding observed row (gap-aware, not calendar D-7)",Dhaka_demand; Date,float32,Weekly periodicity in daily load profiles.,Weekly cycle channel for temporal attention at node Dhaka.,Novel,Medium,High,Proposed
demand_lag_7_Chattogram,Temporal,"D_r(t-7_obs) — 7th preceding observed row (gap-aware, not calendar D-7)",Chattogram_demand; Date,float32,Weekly periodicity in daily load profiles.,Weekly cycle channel for temporal attention at node Chattogram.,Novel,Medium,High,Proposed
demand_lag_7_Rajshahi,Temporal,"D_r(t-7_obs) — 7th preceding observed row (gap-aware, not calendar D-7)",Rajshahi_demand; Date,float32,Weekly periodicity in daily load profiles.,Weekly cycle channel for temporal attention at node Rajshahi.,Novel,Medium,High,Proposed
demand_lag_7_Mymensingh,Temporal,"D_r(t-7_obs) — 7th preceding observed row (gap-aware, not calendar D-7)",Mymensingh_demand; Date,float32,Weekly periodicity in daily load profiles.,Weekly cycle channel for temporal attention at node Mymensingh.,Novel,Medium,High,Proposed
demand_lag_7_Sylhet,Temporal,"D_r(t-7_obs) — 7th preceding observed row (gap-aware, not calendar D-7)",Sylhet_demand; Date,float32,Weekly periodicity in daily load profiles.,Weekly cycle channel for temporal attention at node Sylhet.,Novel,Medium,High,Proposed
demand_lag_7_Barishal,Temporal,"D_r(t-7_obs) — 7th preceding observed row (gap-aware, not calendar D-7)",Barishal_demand; Date,float32,Weekly periodicity in daily load profiles.,Weekly cycle channel for temporal attention at node Barishal.,Novel,Medium,High,Proposed
demand_lag_7_Rangpur,Temporal,"D_r(t-7_obs) — 7th preceding observed row (gap-aware, not calendar D-7)",Rangpur_demand; Date,float32,Weekly periodicity in daily load profiles.,Weekly cycle channel for temporal attention at node Rangpur.,Novel,Medium,High,Proposed
demand_lag_7_Cumilla,Temporal,"D_r(t-7_obs) — 7th preceding observed row (gap-aware, not calendar D-7)",Cumilla_demand; Date,float32,Weekly periodicity in daily load profiles.,Weekly cycle channel for temporal attention at node Cumilla.,Novel,Medium,High,Proposed
demand_lag_7_Khulna,Temporal,"D_r(t-7_obs) — 7th preceding observed row (gap-aware, not calendar D-7)",Khulna_demand; Date,float32,Weekly periodicity in daily load profiles.,Weekly cycle channel for temporal attention at node Khulna.,Novel,Medium,High,Proposed
load_lag_1_Dhaka,Temporal,L_r(t-1); past observed row only,Dhaka_load; Date,float32,Load-shedding events may persist across consecutive stress days.,Autoregressive channel for sparse load-shedding task head.,Generic,Medium,High,Proposed
load_lag_1_Chattogram,Temporal,L_r(t-1); past observed row only,Chattogram_load; Date,float32,Load-shedding events may persist across consecutive stress days.,Autoregressive channel for sparse load-shedding task head.,Generic,Medium,High,Proposed
load_lag_1_Rajshahi,Temporal,L_r(t-1); past observed row only,Rajshahi_load; Date,float32,Load-shedding events may persist across consecutive stress days.,Autoregressive channel for sparse load-shedding task head.,Generic,Medium,High,Proposed
load_lag_1_Mymensingh,Temporal,L_r(t-1); past observed row only,Mymensingh_load; Date,float32,Load-shedding events may persist across consecutive stress days.,Autoregressive channel for sparse load-shedding task head.,Generic,Medium,High,Proposed
load_lag_1_Sylhet,Temporal,L_r(t-1); past observed row only,Sylhet_load; Date,float32,Load-shedding events may persist across consecutive stress days.,Autoregressive channel for sparse load-shedding task head.,Generic,Medium,High,Proposed
load_lag_1_Barishal,Temporal,L_r(t-1); past observed row only,Barishal_load; Date,float32,Load-shedding events may persist across consecutive stress days.,Autoregressive channel for sparse load-shedding task head.,Generic,Medium,High,Proposed
load_lag_1_Rangpur,Temporal,L_r(t-1); past observed row only,Rangpur_load; Date,float32,Load-shedding events may persist across consecutive stress days.,Autoregressive channel for sparse load-shedding task head.,Generic,Medium,High,Proposed
load_lag_1_Cumilla,Temporal,L_r(t-1); past observed row only,Cumilla_load; Date,float32,Load-shedding events may persist across consecutive stress days.,Autoregressive channel for sparse load-shedding task head.,Generic,Medium,High,Proposed
load_lag_1_Khulna,Temporal,L_r(t-1); past observed row only,Khulna_load; Date,float32,Load-shedding events may persist across consecutive stress days.,Autoregressive channel for sparse load-shedding task head.,Generic,Medium,High,Proposed
demand_rolling_mean_7_Dhaka,Statistical,mean(D_r(t-k)) for k=1..7 observed rows; min_periods=7; train-only for any fill params,Dhaka_demand; Date,float32,Smooths daily noise; captures short-term level.,Low-frequency node state for message passing.,Generic,Medium,High,Proposed
demand_rolling_mean_7_Chattogram,Statistical,mean(D_r(t-k)) for k=1..7 observed rows; min_periods=7; train-only for any fill params,Chattogram_demand; Date,float32,Smooths daily noise; captures short-term level.,Low-frequency node state for message passing.,Generic,Medium,High,Proposed
demand_rolling_mean_7_Rajshahi,Statistical,mean(D_r(t-k)) for k=1..7 observed rows; min_periods=7; train-only for any fill params,Rajshahi_demand; Date,float32,Smooths daily noise; captures short-term level.,Low-frequency node state for message passing.,Generic,Medium,High,Proposed
demand_rolling_mean_7_Mymensingh,Statistical,mean(D_r(t-k)) for k=1..7 observed rows; min_periods=7; train-only for any fill params,Mymensingh_demand; Date,float32,Smooths daily noise; captures short-term level.,Low-frequency node state for message passing.,Generic,Medium,High,Proposed
demand_rolling_mean_7_Sylhet,Statistical,mean(D_r(t-k)) for k=1..7 observed rows; min_periods=7; train-only for any fill params,Sylhet_demand; Date,float32,Smooths daily noise; captures short-term level.,Low-frequency node state for message passing.,Generic,Medium,High,Proposed
demand_rolling_mean_7_Barishal,Statistical,mean(D_r(t-k)) for k=1..7 observed rows; min_periods=7; train-only for any fill params,Barishal_demand; Date,float32,Smooths daily noise; captures short-term level.,Low-frequency node state for message passing.,Generic,Medium,High,Proposed
demand_rolling_mean_7_Rangpur,Statistical,mean(D_r(t-k)) for k=1..7 observed rows; min_periods=7; train-only for any fill params,Rangpur_demand; Date,float32,Smooths daily noise; captures short-term level.,Low-frequency node state for message passing.,Generic,Medium,High,Proposed
demand_rolling_mean_7_Cumilla,Statistical,mean(D_r(t-k)) for k=1..7 observed rows; min_periods=7; train-only for any fill params,Cumilla_demand; Date,float32,Smooths daily noise; captures short-term level.,Low-frequency node state for message passing.,Generic,Medium,High,Proposed
demand_rolling_mean_7_Khulna,Statistical,mean(D_r(t-k)) for k=1..7 observed rows; min_periods=7; train-only for any fill params,Khulna_demand; Date,float32,Smooths daily noise; captures short-term level.,Low-frequency node state for message passing.,Generic,Medium,High,Proposed
demand_rolling_std_7_Dhaka,Statistical,std(D_r(t-k)) for k=1..7 observed rows,Dhaka_demand; Date,float32,Elevated volatility precedes operational stress.,Node uncertainty signal for stress-assessment task.,Generic,Medium,Medium,Proposed
demand_rolling_std_7_Chattogram,Statistical,std(D_r(t-k)) for k=1..7 observed rows,Chattogram_demand; Date,float32,Elevated volatility precedes operational stress.,Node uncertainty signal for stress-assessment task.,Generic,Medium,Medium,Proposed
demand_rolling_std_7_Rajshahi,Statistical,std(D_r(t-k)) for k=1..7 observed rows,Rajshahi_demand; Date,float32,Elevated volatility precedes operational stress.,Node uncertainty signal for stress-assessment task.,Generic,Medium,Medium,Proposed
demand_rolling_std_7_Mymensingh,Statistical,std(D_r(t-k)) for k=1..7 observed rows,Mymensingh_demand; Date,float32,Elevated volatility precedes operational stress.,Node uncertainty signal for stress-assessment task.,Generic,Medium,Medium,Proposed
demand_rolling_std_7_Sylhet,Statistical,std(D_r(t-k)) for k=1..7 observed rows,Sylhet_demand; Date,float32,Elevated volatility precedes operational stress.,Node uncertainty signal for stress-assessment task.,Generic,Medium,Medium,Proposed
demand_rolling_std_7_Barishal,Statistical,std(D_r(t-k)) for k=1..7 observed rows,Barishal_demand; Date,float32,Elevated volatility precedes operational stress.,Node uncertainty signal for stress-assessment task.,Generic,Medium,Medium,Proposed
demand_rolling_std_7_Rangpur,Statistical,std(D_r(t-k)) for k=1..7 observed rows,Rangpur_demand; Date,float32,Elevated volatility precedes operational stress.,Node uncertainty signal for stress-assessment task.,Generic,Medium,Medium,Proposed
demand_rolling_std_7_Cumilla,Statistical,std(D_r(t-k)) for k=1..7 observed rows,Cumilla_demand; Date,float32,Elevated volatility precedes operational stress.,Node uncertainty signal for stress-assessment task.,Generic,Medium,Medium,Proposed
demand_rolling_std_7_Khulna,Statistical,std(D_r(t-k)) for k=1..7 observed rows,Khulna_demand; Date,float32,Elevated volatility precedes operational stress.,Node uncertainty signal for stress-assessment task.,Generic,Medium,Medium,Proposed
demand_zscore_30_Dhaka,Statistical,"(D_r(t) - μ_roll30_train) / σ_roll30_train where μ,σ from trailing 30 observed rows; σ fit logic uses past only",Dhaka_demand; Date,float32,Normalised deviation from recent local level; highlights anomaly days.,Node anomaly score feeding operational stress assessment.,Generic,High,Medium,Proposed
demand_zscore_30_Chattogram,Statistical,"(D_r(t) - μ_roll30_train) / σ_roll30_train where μ,σ from trailing 30 observed rows; σ fit logic uses past only",Chattogram_demand; Date,float32,Normalised deviation from recent local level; highlights anomaly days.,Node anomaly score feeding operational stress assessment.,Generic,High,Medium,Proposed
demand_zscore_30_Rajshahi,Statistical,"(D_r(t) - μ_roll30_train) / σ_roll30_train where μ,σ from trailing 30 observed rows; σ fit logic uses past only",Rajshahi_demand; Date,float32,Normalised deviation from recent local level; highlights anomaly days.,Node anomaly score feeding operational stress assessment.,Generic,High,Medium,Proposed
demand_zscore_30_Mymensingh,Statistical,"(D_r(t) - μ_roll30_train) / σ_roll30_train where μ,σ from trailing 30 observed rows; σ fit logic uses past only",Mymensingh_demand; Date,float32,Normalised deviation from recent local level; highlights anomaly days.,Node anomaly score feeding operational stress assessment.,Generic,High,Medium,Proposed
demand_zscore_30_Sylhet,Statistical,"(D_r(t) - μ_roll30_train) / σ_roll30_train where μ,σ from trailing 30 observed rows; σ fit logic uses past only",Sylhet_demand; Date,float32,Normalised deviation from recent local level; highlights anomaly days.,Node anomaly score feeding operational stress assessment.,Generic,High,Medium,Proposed
demand_zscore_30_Barishal,Statistical,"(D_r(t) - μ_roll30_train) / σ_roll30_train where μ,σ from trailing 30 observed rows; σ fit logic uses past only",Barishal_demand; Date,float32,Normalised deviation from recent local level; highlights anomaly days.,Node anomaly score feeding operational stress assessment.,Generic,High,Medium,Proposed
demand_zscore_30_Rangpur,Statistical,"(D_r(t) - μ_roll30_train) / σ_roll30_train where μ,σ from trailing 30 observed rows; σ fit logic uses past only",Rangpur_demand; Date,float32,Normalised deviation from recent local level; highlights anomaly days.,Node anomaly score feeding operational stress assessment.,Generic,High,Medium,Proposed
demand_zscore_30_Cumilla,Statistical,"(D_r(t) - μ_roll30_train) / σ_roll30_train where μ,σ from trailing 30 observed rows; σ fit logic uses past only",Cumilla_demand; Date,float32,Normalised deviation from recent local level; highlights anomaly days.,Node anomaly score feeding operational stress assessment.,Generic,High,Medium,Proposed
demand_zscore_30_Khulna,Statistical,"(D_r(t) - μ_roll30_train) / σ_roll30_train where μ,σ from trailing 30 observed rows; σ fit logic uses past only",Khulna_demand; Date,float32,Normalised deviation from recent local level; highlights anomaly days.,Node anomaly score feeding operational stress assessment.,Generic,High,Medium,Proposed
regional_demand_share_Dhaka,Regional,share_r(t) = D_r(t) / Σ_{j∈R} D_j(t),Dhaka_demand; all regional demand columns,"float32 [0,1]",Dhaka ~35.7% of mean demand (Phase 02); spatial allocation of national load.,Normalised node identity for heterogeneous regional scales in STGT.,Generic,Low,High,Proposed
regional_demand_share_Chattogram,Regional,share_r(t) = D_r(t) / Σ_{j∈R} D_j(t),Chattogram_demand; all regional demand columns,"float32 [0,1]",Dhaka ~35.7% of mean demand (Phase 02); spatial allocation of national load.,Normalised node identity for heterogeneous regional scales in STGT.,Generic,Low,High,Proposed
regional_demand_share_Rajshahi,Regional,share_r(t) = D_r(t) / Σ_{j∈R} D_j(t),Rajshahi_demand; all regional demand columns,"float32 [0,1]",Dhaka ~35.7% of mean demand (Phase 02); spatial allocation of national load.,Normalised node identity for heterogeneous regional scales in STGT.,Generic,Low,High,Proposed
regional_demand_share_Mymensingh,Regional,share_r(t) = D_r(t) / Σ_{j∈R} D_j(t),Mymensingh_demand; all regional demand columns,"float32 [0,1]",Dhaka ~35.7% of mean demand (Phase 02); spatial allocation of national load.,Normalised node identity for heterogeneous regional scales in STGT.,Generic,Low,High,Proposed
regional_demand_share_Sylhet,Regional,share_r(t) = D_r(t) / Σ_{j∈R} D_j(t),Sylhet_demand; all regional demand columns,"float32 [0,1]",Dhaka ~35.7% of mean demand (Phase 02); spatial allocation of national load.,Normalised node identity for heterogeneous regional scales in STGT.,Generic,Low,High,Proposed
regional_demand_share_Barishal,Regional,share_r(t) = D_r(t) / Σ_{j∈R} D_j(t),Barishal_demand; all regional demand columns,"float32 [0,1]",Dhaka ~35.7% of mean demand (Phase 02); spatial allocation of national load.,Normalised node identity for heterogeneous regional scales in STGT.,Generic,Low,High,Proposed
regional_demand_share_Rangpur,Regional,share_r(t) = D_r(t) / Σ_{j∈R} D_j(t),Rangpur_demand; all regional demand columns,"float32 [0,1]",Dhaka ~35.7% of mean demand (Phase 02); spatial allocation of national load.,Normalised node identity for heterogeneous regional scales in STGT.,Generic,Low,High,Proposed
regional_demand_share_Cumilla,Regional,share_r(t) = D_r(t) / Σ_{j∈R} D_j(t),Cumilla_demand; all regional demand columns,"float32 [0,1]",Dhaka ~35.7% of mean demand (Phase 02); spatial allocation of national load.,Normalised node identity for heterogeneous regional scales in STGT.,Generic,Low,High,Proposed
regional_demand_share_Khulna,Regional,share_r(t) = D_r(t) / Σ_{j∈R} D_j(t),Khulna_demand; all regional demand columns,"float32 [0,1]",Dhaka ~35.7% of mean demand (Phase 02); spatial allocation of national load.,Normalised node identity for heterogeneous regional scales in STGT.,Generic,Low,High,Proposed
regional_load_intensity_Dhaka,Regional,"λ_r(t) = L_r(t) / max(D_r(t), ε); ε=1 MW",Dhaka_load; Dhaka_demand,"float32 [0,1]",Fraction of demand unmet; sparse but interpretable stress ratio.,Direct normalised target proxy for load-shedding task at node Dhaka.,Generic,Low,High,Proposed
regional_load_intensity_Chattogram,Regional,"λ_r(t) = L_r(t) / max(D_r(t), ε); ε=1 MW",Chattogram_load; Chattogram_demand,"float32 [0,1]",Fraction of demand unmet; sparse but interpretable stress ratio.,Direct normalised target proxy for load-shedding task at node Chattogram.,Generic,Low,High,Proposed
regional_load_intensity_Rajshahi,Regional,"λ_r(t) = L_r(t) / max(D_r(t), ε); ε=1 MW",Rajshahi_load; Rajshahi_demand,"float32 [0,1]",Fraction of demand unmet; sparse but interpretable stress ratio.,Direct normalised target proxy for load-shedding task at node Rajshahi.,Generic,Low,High,Proposed
regional_load_intensity_Mymensingh,Regional,"λ_r(t) = L_r(t) / max(D_r(t), ε); ε=1 MW",Mymensingh_load; Mymensingh_demand,"float32 [0,1]",Fraction of demand unmet; sparse but interpretable stress ratio.,Direct normalised target proxy for load-shedding task at node Mymensingh.,Generic,Low,High,Proposed
regional_load_intensity_Sylhet,Regional,"λ_r(t) = L_r(t) / max(D_r(t), ε); ε=1 MW",Sylhet_load; Sylhet_demand,"float32 [0,1]",Fraction of demand unmet; sparse but interpretable stress ratio.,Direct normalised target proxy for load-shedding task at node Sylhet.,Generic,Low,High,Proposed
regional_load_intensity_Barishal,Regional,"λ_r(t) = L_r(t) / max(D_r(t), ε); ε=1 MW",Barishal_load; Barishal_demand,"float32 [0,1]",Fraction of demand unmet; sparse but interpretable stress ratio.,Direct normalised target proxy for load-shedding task at node Barishal.,Generic,Low,High,Proposed
regional_load_intensity_Rangpur,Regional,"λ_r(t) = L_r(t) / max(D_r(t), ε); ε=1 MW",Rangpur_load; Rangpur_demand,"float32 [0,1]",Fraction of demand unmet; sparse but interpretable stress ratio.,Direct normalised target proxy for load-shedding task at node Rangpur.,Generic,Low,High,Proposed
regional_load_intensity_Cumilla,Regional,"λ_r(t) = L_r(t) / max(D_r(t), ε); ε=1 MW",Cumilla_load; Cumilla_demand,"float32 [0,1]",Fraction of demand unmet; sparse but interpretable stress ratio.,Direct normalised target proxy for load-shedding task at node Cumilla.,Generic,Low,High,Proposed
regional_load_intensity_Khulna,Regional,"λ_r(t) = L_r(t) / max(D_r(t), ε); ε=1 MW",Khulna_load; Khulna_demand,"float32 [0,1]",Fraction of demand unmet; sparse but interpretable stress ratio.,Direct normalised target proxy for load-shedding task at node Khulna.,Generic,Low,High,Proposed
regional_accounting_residual_Dhaka,Regional,δ_r(t) = D_r(t) - S_r(t) - L_r(t); 0 if identity holds,Dhaka_demand; Dhaka_supply; Dhaka_load,float32,Phase 03 preserved 74 region-rows with identity mismatch — metering/reporting signal.,Diagnostic node feature for explainable stress assessment (not an error to drop).,Novel,Low,Medium,Proposed
regional_accounting_residual_Chattogram,Regional,δ_r(t) = D_r(t) - S_r(t) - L_r(t); 0 if identity holds,Chattogram_demand; Chattogram_supply; Chattogram_load,float32,Phase 03 preserved 74 region-rows with identity mismatch — metering/reporting signal.,Diagnostic node feature for explainable stress assessment (not an error to drop).,Novel,Low,Medium,Proposed
regional_accounting_residual_Rajshahi,Regional,δ_r(t) = D_r(t) - S_r(t) - L_r(t); 0 if identity holds,Rajshahi_demand; Rajshahi_supply; Rajshahi_load,float32,Phase 03 preserved 74 region-rows with identity mismatch — metering/reporting signal.,Diagnostic node feature for explainable stress assessment (not an error to drop).,Novel,Low,Medium,Proposed
regional_accounting_residual_Mymensingh,Regional,δ_r(t) = D_r(t) - S_r(t) - L_r(t); 0 if identity holds,Mymensingh_demand; Mymensingh_supply; Mymensingh_load,float32,Phase 03 preserved 74 region-rows with identity mismatch — metering/reporting signal.,Diagnostic node feature for explainable stress assessment (not an error to drop).,Novel,Low,Medium,Proposed
regional_accounting_residual_Sylhet,Regional,δ_r(t) = D_r(t) - S_r(t) - L_r(t); 0 if identity holds,Sylhet_demand; Sylhet_supply; Sylhet_load,float32,Phase 03 preserved 74 region-rows with identity mismatch — metering/reporting signal.,Diagnostic node feature for explainable stress assessment (not an error to drop).,Novel,Low,Medium,Proposed
regional_accounting_residual_Barishal,Regional,δ_r(t) = D_r(t) - S_r(t) - L_r(t); 0 if identity holds,Barishal_demand; Barishal_supply; Barishal_load,float32,Phase 03 preserved 74 region-rows with identity mismatch — metering/reporting signal.,Diagnostic node feature for explainable stress assessment (not an error to drop).,Novel,Low,Medium,Proposed
regional_accounting_residual_Rangpur,Regional,δ_r(t) = D_r(t) - S_r(t) - L_r(t); 0 if identity holds,Rangpur_demand; Rangpur_supply; Rangpur_load,float32,Phase 03 preserved 74 region-rows with identity mismatch — metering/reporting signal.,Diagnostic node feature for explainable stress assessment (not an error to drop).,Novel,Low,Medium,Proposed
regional_accounting_residual_Cumilla,Regional,δ_r(t) = D_r(t) - S_r(t) - L_r(t); 0 if identity holds,Cumilla_demand; Cumilla_supply; Cumilla_load,float32,Phase 03 preserved 74 region-rows with identity mismatch — metering/reporting signal.,Diagnostic node feature for explainable stress assessment (not an error to drop).,Novel,Low,Medium,Proposed
regional_accounting_residual_Khulna,Regional,δ_r(t) = D_r(t) - S_r(t) - L_r(t); 0 if identity holds,Khulna_demand; Khulna_supply; Khulna_load,float32,Phase 03 preserved 74 region-rows with identity mismatch — metering/reporting signal.,Diagnostic node feature for explainable stress assessment (not an error to drop).,Novel,Low,Medium,Proposed
total_regional_demand,Grid,D_total(t) = Σ_r D_r(t),all regional demand columns,float32,Aggregate load; tracks national evening-peak trend.,Global graph-level feature broadcast to all nodes.,Generic,Low,High,Proposed
total_regional_load,Grid,L_total(t) = Σ_r L_r(t),,float32,System-wide load-shedding severity.,Global stress scalar for multi-task heads.,Generic,Low,High,Proposed
generation_reserve,Grid,GR(t) = Highest Generation(t) - Max Eve Peak Gen-end(t),Highest Generation (Generation end); Max. Demand at eve. peak (Generation end),float32,Headroom between peak capability and evening demand.,Global supply margin modulating predicted shedding risk.,Generic,Low,High,Proposed
generation_utilization,Grid,"GU(t) = Max Eve Peak Gen-end(t) / max(Highest Generation(t), ε)",Max. Demand at eve. peak (Generation end); Highest Generation (Generation end),"float32 [0,1+]",Fraction of available capacity utilised at peak.,Capacity stress ratio for operational assessment.,Generic,Low,Medium,Proposed
substation_generation_spread,Grid,SGS(t) = Max Eve Peak Gen-end(t) - Max Eve Peak Sub-station end(t),Max. Demand at eve. peak (Generation end); Max. Demand at eve. peak (Sub-station end),float32,Transmission/distribution losses and metering differences (16 anomalous rows in Phase 03).,Grid loss proxy for explainable stress decomposition.,Novel,Low,Medium,Proposed
forecast_min_generation_error,Grid,FME(t) = Minimum Generation Forecast(t) - Minimum Generation(t),Minimum Generation Forecast up to 8:00 hrs.; Minimum Generation (Generation end),float32,Dispatch forecast accuracy; under-forecast may precede stress.,Operational intelligence signal for day-ahead stress prediction.,Novel,Low,Medium,Proposed
temperature_anomaly_month,Weather,"TA(t) = T(t) - μ_T,month; μ computed on train split only per calendar month",Maximum Temperature in Dhaka was; Month,float32,Cooling load drives month-9 peak; anomaly vs monthly norm isolates heat waves.,Weather shock covariate for national and Dhaka-proximal nodes.,Generic,Medium,High,Proposed
cooling_degree_proxy,Weather,"CDD*(t) = max(0, T(t) - T_base); T_base = 28°C (Bangladesh cooling threshold)",Maximum Temperature in Dhaka was,float32 ≥ 0,Non-linear temperature effect on air-conditioning-driven demand.,Non-linear exogenous driver for summer peak prediction.,Generic,Low,Medium,Proposed
total_operational_limitation,Operational,TOL(t) = Gas/LF + Coal + Water + Shutdown MW,Gas/LF limitation; Coal supply Limitation; Low water level in Kaptai lake; Plants under shut down/ maintenance,float32,Combined supply-side constraint magnitude.,Single global stress index input to transformer.,Generic,Low,High,Proposed
operational_stress_index,Operational,OSI(t) = w1·(L_total/D_total) + w2·(1-GR/Highest Gen) + w3·TOL/Highest Gen; weights w from train-only normalisation (fixed after fit),total_regional_load; total_regional_demand; generation_reserve; total_operational_limitation; Highest Generation (Generation end),float32,Composite stress aligned with multi-task objective (shedding + operational assessment).,"Novel research feature unifying demand, supply margin, and constraints for STGT.",Novel,High,High,Proposed
any_regional_shedding,Operational,ARS(t) = 1 if ∃r: L_r(t) > 0 else 0,all regional load columns,int8 / float32 binary,Binary system-level shedding event indicator.,Event-level target/auxiliary for imbalanced load-shedding classification head.,Generic,Low,High,Proposed
shedding_region_count,Operational,SRC(t) = |{r : L_r(t) > 0}|,all regional load columns,"int8 / float32 [0,9]",Spatial extent of load-shedding events.,Multi-node stress breadth signal for graph-level prediction.,Novel,Low,Medium,Proposed
spatial_demand_dispersion,Graph Candidate,SDD(t) = std_r(D_r(t)) / mean_r(D_r(t)),all regional demand columns,float32,Heterogeneity of load across divisions; high when spatially uneven stress.,Graph-level summary informing adaptive attention over nodes.,Novel,Low,Medium,Proposed
dhaka_dominance_index,Regional,DDI(t) = D_Dhaka(t) / D_total(t),Dhaka_demand; all regional demand columns,"float32 [0,1]",Capital region concentration; largest single-node share.,Hub-node importance weight for graph transformer.,Generic,Low,Medium,Proposed
rolling_demand_corr_90d,Graph Candidate,"ρ_ij(t) = corr(D_i, D_j) over trailing 90 observed days; computed per split without future leakage","regional demand columns for nodes i,j; Date",float32 matrix (edge weights),Phase 02 showed >0.65 inter-regional demand correlation; dynamic coupling.,Time-varying edge weights for spatio-temporal graph construction (Phase 06+).,Generic,High,Medium,Proposed
static_geographic_adjacency_prior,Graph Candidate,"A_ij = 1 if divisions i,j share a border (Bangladesh admin map); else 0; optionally row-normalised","region metadata (external lookup table, not in CSV)",float32 adjacency matrix,Physical grid topology prior independent of data correlation.,Structural inductive bias for graph transformer message passing.,Generic,Medium,Low,Proposed
pairwise_demand_gradient,Graph Candidate,"G_ij(t) = |D_i(t) - D_j(t)| / max(D_total(t), ε)",regional demand columns; total_regional_demand,float32 (edge feature),Instantaneous spatial load imbalance between neighbours.,Dynamic edge feature complementing correlation-based weights.,Novel,Medium,Low,Proposed
national_eve_peak_lag_1,Temporal,ND(t-1) for Max Eve Peak Gen-end,Max. Demand at eve. peak (Generation end); Date,float32,National autoregressive structure complements regional lags.,Global autoregressive channel for graph-level demand forecasting.,Generic,Low,Medium,Proposed
